PlayDate,No1,No2,No3,No4,No5,No6,Bonus,Jackpot
2020-04-25,12,13,29,35,37,44,27,189.0
2020-04-18,1,9,11,21,39,43,23,0.0
2020-04-11,2,5,21,32,34,41,10,0.0
2020-04-04,23,24,26,30,33,40,41,0.0
2020-03-28,13,14,22,36,41,45,30,0.0
2020-03-21,7,10,25,27,29,44,6,0.0
2020-03-14,4,7,33,40,44,45,42,0.0
2020-03-07,1,10,17,29,30,37,19,0.0
2020-02-29,2,21,25,28,39,44,41,0.0
2020-02-22,4,8,16,26,30,43,36,0.0
2020-02-15,19,24,35,41,42,43,34,0.0
2020-02-08,2,14,17,22,33,35,18,0.0
2020-02-01,13,14,21,23,35,45,29,0.0
2020-01-25,2,9,33,34,36,43,44,0.0
2020-01-18,4,6,16,17,22,26,10,0.0
2020-01-11,13,14,28,29,37,39,36,0.0
2020-01-04,6,11,18,26,29,40,33,0.0
2019-12-28,3,4,6,10,36,44,32,0.0
2019-12-21,6,13,25,37,42,43,9,0.0
2019-12-14,7,16,33,34,36,42,22,0.0
2019-12-07,10,16,26,28,31,41,12,0.0
2019-11-30,3,31,35,38,41,45,7,0.0
2019-11-23,8,9,17,36,38,43,1,0.0
2019-11-16,2,18,22,28,29,40,42,0.0
2019-11-09,3,14,23,27,38,39,26,0.0
2019-11-02,2,9,17,18,28,29,38,0.0
2019-10-26,2,8,9,11,17,19,44,0.0
2019-10-19,5,17,34,37,39,44,9,0.0
2019-10-12,11,18,23,38,40,42,25,0.0
2019-10-05,2,3,5,14,22,33,41,0.0
2019-09-28,9,16,27,32,41,43,1,0.0
2019-09-21,11,21,29,39,40,41,1,0.0
2019-09-14,4,11,14,15,30,36,34,0.0
2019-09-07,3,13,15,18,23,34,41,0.0
2019-08-31,4,11,20,31,39,40,35,0.0
2019-08-24,10,24,26,33,43,45,1,0.0
2019-08-17,8,18,27,29,33,36,35,0.0
2019-08-10,3,11,24,28,34,35,25,0.0
2019-08-03,8,13,17,33,34,40,7,0.0
2019-07-27,13,15,21,24,42,43,28,0.0
2019-07-20,4,5,16,26,32,41,2,0.0
2019-07-13,6,12,16,28,39,45,44,0.0
2019-07-06,1,15,20,29,42,45,31,0.0
2019-06-29,1,10,12,15,19,28,30,0.0
2019-06-22,1,12,18,20,24,44,41,0.0
2019-06-15,1,5,20,28,31,36,17,0.0
2019-06-08,1,5,15,36,38,40,41,0.0
2019-06-01,7,8,28,37,39,44,17,0.0
2019-05-25,3,7,11,21,29,34,26,0.0
2019-05-18,1,2,9,11,12,42,5,0.0
2019-05-11,11,13,18,25,34,42,19,0.0
2019-05-04,4,8,21,36,44,45,5,0.0
2019-04-27,15,31,37,38,41,44,39,0.0
2019-04-20,3,12,16,22,23,41,4,0.0
2019-04-13,14,21,38,39,44,45,15,0.0
2019-04-06,9,15,24,30,33,34,45,0.0
2019-03-30,7,8,14,27,37,42,26,0.0
2019-03-23,2,12,20,32,38,42,3,0.0
2019-03-16,10,11,16,29,30,36,3,0.0
2019-03-09,1,2,4,6,34,44,40,0.0
2019-03-02,9,15,27,29,32,35,40,0.0
2019-02-23,5,20,26,33,41,42,15,0.0
2019-02-16,2,13,16,22,31,33,10,0.0
2019-02-09,4,13,29,35,36,39,28,0.0
2019-02-02,3,11,15,17,23,37,42,0.0
2019-01-26,2,5,27,29,34,35,23,0.0
2019-01-19,3,13,31,33,35,41,9,0.0
2019-01-12,9,11,14,20,30,43,37,0.0
2019-01-05,1,2,3,25,28,44,26,0.0
2018-12-29,6,13,15,21,26,35,10,0.0
2018-12-22,2,5,11,24,29,41,36,0.0
2018-12-15,2,25,31,36,43,44,12,0.0
2018-12-08,2,7,15,20,32,35,31,0.0
2018-12-01,8,14,19,20,26,31,16,0.0
2018-11-24,4,7,11,14,36,37,1,0.0
2018-11-17,2,5,8,35,42,43,34,0.0
2018-11-10,4,6,17,19,25,45,10,0.0
2018-11-03,18,23,24,26,37,39,35,0.0
2018-10-27,3,8,21,23,24,37,33,0.0
2018-10-20,1,9,21,36,44,45,42,0.0
2018-10-13,10,12,15,20,34,38,35,0.0
2018-10-06,5,11,23,33,36,41,34,0.0
2018-09-29,2,3,6,10,13,29,44,0.0
2018-09-22,1,27,29,31,37,38,23,0.0
2018-09-15,1,5,10,20,30,41,38,0.0
2018-09-08,3,10,17,19,38,39,16,0.0
2018-09-01,1,2,8,24,38,43,45,0.0
2018-08-25,14,17,22,32,34,38,2,0.0
2018-08-18,1,3,11,14,43,44,30,0.0
2018-08-11,10,19,32,34,36,43,4,0.0
2018-08-04,8,16,27,29,30,36,42,0.0
2018-07-28,2,4,5,20,31,34,25,0.0
2018-07-21,15,17,18,30,39,44,2,0.0
2018-07-14,17,19,25,35,38,41,13,0.0
2018-07-07,3,12,16,28,30,33,1,0.0
2018-06-30,4,9,26,30,35,42,37,0.0
2018-06-23,9,14,17,23,29,31,16,0.0
2018-06-16,9,12,15,21,32,38,33,0.0
2018-06-09,8,16,34,37,40,44,22,0.0
2018-06-02,1,7,10,40,41,43,4,0.0
2018-05-26,1,2,3,16,34,40,7,0.0
2018-05-19,4,15,18,29,37,39,31,0.0
2018-05-12,15,18,22,39,43,45,19,0.0
2018-05-05,3,13,14,25,26,33,38,0.0
2018-04-28,6,17,19,21,28,34,2,0.0
2018-04-21,10,13,19,20,22,25,7,0.0
2018-04-14,1,22,26,27,32,40,8,0.0
2018-04-07,12,14,22,24,25,44,35,0.0
2018-03-31,17,22,24,36,39,41,5,0.0
2018-03-24,2,25,28,31,42,45,40,0.0
2018-03-17,10,14,28,29,34,40,9,0.0
2018-03-10,3,14,15,18,27,29,30,0.0
2018-03-03,1,12,17,27,32,36,23,0.0
2018-02-24,10,19,24,25,34,41,20,0.0
2018-02-17,4,9,13,15,38,43,33,0.0
2018-02-10,11,18,23,24,27,40,45,0.0
2018-02-03,3,13,25,30,38,41,15,0.0
2018-01-27,5,18,21,24,34,44,29,0.0
2018-01-20,10,15,23,30,39,42,32,0.0
2018-01-13,1,9,13,14,21,38,16,0.0
2018-01-06,6,8,9,16,40,42,14,0.0
2017-12-30,1,3,26,31,37,44,18,0.0
2017-12-23,5,6,16,21,30,36,22,0.0
2017-12-16,6,17,21,25,35,42,1,0.0
2017-12-09,18,20,24,26,29,36,6,0.0
2017-12-02,11,27,38,39,41,45,5,0.0
2017-11-25,4,15,16,17,33,43,29,0.0
2017-11-18,1,12,16,25,28,38,6,0.0
2017-11-11,8,16,19,21,24,38,25,0.0
2017-11-04,14,19,23,32,33,43,36,0.0
2017-10-28,13,25,31,38,43,45,26,0.0
2017-10-21,15,23,25,39,41,45,11,0.0
2017-10-14,3,22,33,35,40,44,7,0.0
2017-10-07,3,8,9,19,28,33,24,0.0
2017-09-30,20,27,28,32,40,44,19,0.0
2017-09-23,8,27,34,35,42,43,29,0.0
2017-09-16,2,3,5,9,29,31,34,0.0
2017-09-09,5,24,32,35,36,43,19,0.0
2017-09-02,1,3,19,22,31,34,21,0.0
2017-08-26,1,7,15,21,31,38,34,0.0
2017-08-19,7,11,20,38,43,44,45,0.0
2017-08-12,2,14,20,33,34,36,30,0.0
2017-08-05,11,20,31,32,33,36,12,0.0
2017-07-29,8,28,31,33,34,39,3,0.0
2017-07-22,1,3,20,26,37,39,35,0.0
2017-07-15,2,4,23,28,39,45,44,0.0
2017-07-08,6,13,16,29,31,33,18,0.0
2017-07-01,1,14,24,34,35,41,21,0.0
2017-06-24,5,23,26,29,39,43,28,0.0
2017-06-17,5,10,24,27,30,43,19,0.0
2017-06-10,5,16,29,30,40,43,7,0.0
2017-06-03,5,11,15,19,29,33,22,0.0
2017-05-27,4,5,9,19,30,42,40,0.0
2017-05-20,11,14,16,20,25,38,6,0.0
2017-05-13,8,22,27,38,39,42,5,0.0
2017-05-06,7,8,11,15,22,24,10,0.0
2017-04-29,17,19,27,32,35,39,38,0.0
2017-04-22,1,5,18,21,31,34,26,0.0
2017-04-15,3,4,29,34,35,43,25,0.0
2017-04-08,12,16,18,29,32,43,17,0.0
2017-04-01,3,17,28,37,42,44,21,0.0
2017-03-25,11,24,27,36,37,39,44,0.0
2017-03-18,10,17,21,23,29,42,11,0.0
2017-03-11,10,20,27,17,31,39,19,0.0
2017-03-04,3,6,13,17,31,39,19,0.0
2017-02-25,1,19,24,30,33,34,8,0.0
2017-02-18,1,2,3,6,20,31,13,0.0
2017-02-11,9,10,11,15,19,34,14,0.0
2017-02-04,10,15,24,30,44,45,6,0.0
2017-01-28,8,12,13,31,40,41,26,0.0
2017-01-21,9,14,20,34,36,45,33,0.0
2017-01-14,3,9,26,30,32,45,22,0.0
2017-01-07,6,14,15,26,31,37,45,0.0
2016-12-31,4,9,21,28,29,40,38,0.0
2016-12-24,11,18,20,25,30,37,7,0.0
2016-12-17,24,27,29,31,32,41,19,0.0
2016-12-10,2,5,12,21,37,42,32,0.0
2016-12-03,1,2,17,37,39,45,28,0.0
2016-11-26,6,22,30,31,37,43,7,0.0
2016-11-19,3,17,19,20,23,38,24,0.0
2016-11-12,1,11,13,18,31,40,41,0.0
2016-11-05,6,14,20,21,36,39,15,0.0
2016-10-29,14,16,28,35,36,40,34,0.0
2016-10-22,3,7,15,29,34,40,14,0.0
2016-10-15,3,4,19,23,29,44,16,0.0
2016-10-08,6,10,13,36,41,44,28,0.0
2016-10-01,4,9,16,26,32,43,33,0.0
2016-09-24,1,4,6,11,24,36,3,0.0
2016-09-17,10,14,17,37,40,41,9,0.0
2016-09-10,6,10,13,26,34,38,27,0.0
2016-09-03,8,11,27,32,39,42,7,0.0
2016-08-27,5,12,17,18,23,34,37,0.0
2016-08-20,6,11,20,28,38,42,43,0.0
2016-08-13,7,13,15,27,33,37,45,0.0
2016-08-06,2,25,27,33,36,41,24,0.0
2016-07-30,4,15,17,21,26,40,22,0.0
2016-07-23,2,9,12,15,26,35,43,0.0
2016-07-16,1,13,27,29,30,40,33,0.0
2016-07-09,3,6,9,15,27,43,36,0.0
2016-07-02,1,6,8,27,36,43,10,0.0
2016-06-25,4,6,9,16,38,39,20,0.0
2016-06-18,3,6,13,15,24,30,20,0.0
2016-06-11,24,25,26,27,38,45,33,0.0
2016-06-04,2,16,17,20,25,38,37,0.0
2016-05-28,12,15,17,18,30,32,35,0.0
2016-05-21,4,10,13,22,27,43,42,0.0
2016-05-14,4,16,17,19,26,36,45,0.0
2016-05-07,9,14,20,22,23,36,8,0.0
2016-04-30,1,18,22,24,39,43,3,0.0
2016-04-23,8,13,14,35,40,43,12,0.0
2016-04-16,2,13,31,35,37,39,33,0.0
2016-04-09,1,5,20,37,38,42,26,0.0
2016-04-02,1,5,12,14,20,24,25,0.0
2016-03-26,7,9,16,23,29,43,20,0.0
2016-03-19,4,6,7,13,27,35,1,0.0
2016-03-12,3,25,29,31,33,38,24,0.0
2016-03-05,2,10,11,20,29,31,16,0.0
2016-02-27,3,5,7,15,23,38,10,0.0
2016-02-20,1,7,10,24,26,27,28,0.0
2016-02-13,20,21,22,23,30,35,10,0.0
2016-02-06,9,15,18,32,34,36,29,0.0
2016-01-30,7,8,10,17,37,41,15,0.0
2016-01-23,16,18,31,36,38,40,27,0.0
2016-01-16,3,6,14,22,27,33,30,0.0
2016-01-09,1,12,24,37,40,44,36,0.0
2016-01-02,5,10,12,22,23,27,41,0.0
2015-12-26,1,10,22,24,25,26,42,0.0
2015-12-19,1,2,20,28,33,35,38,0.0
2015-12-12,5,8,16,24,31,42,45,0.0
2015-12-05,1,4,17,29,41,45,23,0.0
2015-11-28,6,22,26,27,35,42,44,0.0
2015-11-21,1,5,6,7,10,20,4,0.0
2015-11-14,2,15,16,24,39,42,26,0.0
2015-11-07,8,15,26,28,36,45,18,0.0
2015-10-31,1,10,14,21,22,41,25,0.0
2015-10-24,1,7,14,21,41,43,6,0.0
2015-10-17,2,4,8,13,20,24,5,0.0
2015-10-10,5,13,19,24,28,37,20,0.0
2015-10-03,3,5,10,34,37,44,25,0.0
2015-09-26,8,11,16,19,20,43,7,0.0
2015-09-19,4,7,24,34,39,41,3,0.0
2015-09-12,5,9,21,23,35,38,17,0.0
2015-09-05,8,18,23,29,31,39,34,0.0
2015-08-29,1,15,20,21,22,43,35,0.0
2015-08-22,3,8,14,22,33,42,15,0.0
2015-08-15,4,8,13,14,21,33,23,0.0
2015-08-08,1,17,19,24,36,41,18,0.0
2015-08-01,16,18,24,33,40,45,37,0.0
2015-07-25,5,16,19,34,39,40,12,0.0
2015-07-18,5,9,22,34,38,43,12,0.0
2015-07-11,2,7,16,27,32,35,38,0.0
2015-07-04,6,8,12,28,35,45,37,0.0
2015-06-27,7,10,15,29,36,45,43,0.0
2015-06-20,13,15,19,26,32,37,39,0.0
2015-06-13,5,20,21,22,24,35,32,0.0
2015-06-06,8,12,18,24,32,39,40,0.0
2015-05-30,21,27,28,34,42,43,45,0.0
2015-05-23,1,2,17,32,41,45,13,0.0
2015-05-16,5,7,11,26,36,38,9,0.0
2015-05-09,8,14,19,29,34,40,7,0.0
2015-05-02,15,16,22,31,35,39,6,0.0
2015-04-25,13,21,22,24,32,33,42,0.0
2015-04-18,1,10,23,28,32,41,27,0.0
2015-04-11,12,16,23,33,41,43,17,0.0
2015-04-04,5,7,16,17,23,32,4,0.0
2015-03-28,1,3,4,13,14,37,9,0.0
2015-03-21,2,26,29,32,36,45,10,0.0
2015-03-14,1,17,24,26,28,44,7,0.0
2015-03-07,5,10,17,22,37,44,16,0.0
2015-02-28,3,8,11,17,22,40,35,0.0
2015-02-21,1,7,12,31,34,45,4,0.0
2015-02-14,7,13,30,34,35,41,31,0.0
2015-02-07,15,21,22,24,34,42,36,0.0
2015-01-31,4,11,20,37,39,45,26,0.0
2015-01-24,11,17,20,31,32,38,29,0.0
2015-01-17,2,6,14,27,29,37,41,0.0
2015-01-10,3,9,15,21,37,44,42,0.0
2015-01-03,5,10,17,21,27,35,33,0.0
2014-12-27,4,16,24,38,41,42,5,0.0
2014-12-20,15,19,21,22,25,43,4,0.0
2014-12-13,1,13,19,27,31,39,32,0.0
2014-12-06,12,16,21,28,41,44,37,0.0
2014-11-29,3,14,16,17,44,45,15,0.0
2014-11-22,2,4,5,21,29,43,10,0.0
2014-11-15,3,9,19,20,31,42,23,0.0
2014-11-08,9,12,16,24,37,42,39,0.0
2014-11-01,1,22,23,30,36,45,37,0.0
2014-10-25,1,4,16,20,28,34,26,0.0
2014-10-18,6,14,20,22,27,33,19,0.0
2014-10-11,19,24,28,34,42,45,21,0.0
2014-10-04,4,13,31,35,38,40,12,0.0
2014-09-27,2,12,15,30,36,40,17,0.0
2014-09-20,2,4,5,25,27,40,45,0.0
2014-09-13,7,19,23,26,32,39,13,0.0
2014-09-06,4,7,13,16,21,30,33,0.0
2014-08-30,6,8,10,23,26,42,45,0.0
2014-08-23,5,14,17,23,44,45,32,0.0
2014-08-16,2,9,23,31,37,42,45,0.0
2014-08-09,11,17,18,20,22,33,41,0.0
2014-08-02,8,11,12,20,32,35,31,0.0
2014-07-26,5,15,21,31,32,45,23,0.0
2014-07-19,13,15,27,33,37,38,1,0.0
2014-07-12,21,23,24,25,37,43,8,0.0
2014-07-05,2,14,27,34,36,45,21,0.0
2014-06-28,10,22,33,36,38,43,13,0.0
2014-06-21,1,7,11,13,24,33,10,0.0
2014-06-14,6,9,18,19,21,24,5,0.0
2014-06-07,11,20,31,32,37,43,21,0.0
2014-05-31,8,27,28,29,37,39,19,0.0
2014-05-24,17,18,25,36,44,45,22,0.0
2014-05-17,15,26,27,33,35,45,13,0.0
2014-05-10,23,25,30,32,41,45,11,0.0
2014-05-03,4,18,26,29,31,44,30,0.0
2014-04-26,1,7,20,26,27,35,38,0.0
2014-04-19,15,18,19,29,32,45,14,0.0
2014-04-12,7,10,15,22,23,32,5,0.0
2014-04-05,7,9,14,24,32,44,5,0.0
2014-03-29,3,9,32,36,38,40,11,0.0
2014-03-22,10,13,18,21,24,41,40,0.0
2014-03-15,3,5,9,25,33,34,20,0.0
2014-03-08,7,21,25,40,41,44,26,0.0
2014-03-01,7,14,15,19,24,32,29,0.0
2014-02-22,4,15,16,22,24,29,39,0.0
2014-02-15,4,14,31,33,38,44,9,0.0
2014-02-08,21,25,26,27,30,40,15,0.0
2014-02-01,3,6,20,22,26,34,15,0.0
2014-01-25,9,11,19,23,30,39,40,0.0
2014-01-18,5,6,29,35,39,44,33,0.0
2014-01-11,2,6,10,14,16,39,19,0.0
2014-01-04,4,5,7,13,32,42,22,0.0
2013-12-28,1,5,9,13,18,24,28,0.0
2013-12-21,8,20,22,26,32,41,1,0.0
2013-12-14,4,7,28,29,35,44,36,0.0
2013-12-07,9,10,24,31,37,43,22,0.0
2013-11-30,13,30,32,35,40,45,14,0.0
2013-11-23,8,11,19,20,24,29,5,0.0
2013-11-16,3,9,20,24,39,45,7,0.0
2013-11-09,2,7,26,28,29,31,17,0.0
2013-11-02,13,20,23,31,34,40,14,0.0
2013-10-26,1,22,23,36,37,45,2,0.0
2013-10-19,3,6,15,26,27,43,16,0.0
2013-10-12,5,11,16,31,33,39,43,0.0
2013-10-05,19,26,30,32,36,41,24,0.0
2013-09-28,6,10,12,29,37,40,41,0.0
2013-09-21,18,24,26,30,31,45,15,0.0
2013-09-14,12,16,21,39,40,43,29,0.0
2013-09-07,8,24,28,37,43,44,19,0.0
2013-08-31,4,13,19,24,28,40,8,0.0
2013-08-24,4,13,15,37,41,43,22,0.0
2013-08-17,1,5,9,34,42,45,33,0.0
2013-08-10,4,11,14,22,28,32,2,0.0
2013-08-03,14,26,42,43,44,45,16,0.0
2013-07-27,7,10,13,18,32,44,25,0.0
2013-07-20,6,25,32,34,38,39,45,0.0
2013-07-13,6,10,15,24,30,42,45,0.0
2013-07-06,4,6,20,27,29,39,36,0.0
2013-06-29,1,15,32,40,43,45,26,0.0
2013-06-22,12,17,21,37,43,45,29,0.0
2013-06-15,1,10,27,32,33,36,15,0.0
2013-06-08,1,12,13,34,38,44,7,0.0
2013-06-01,11,16,27,35,36,38,26,0.0
2013-05-25,3,27,29,37,38,43,41,0.0
2013-05-18,8,11,14,16,21,26,3,0.0
2013-05-11,5,8,10,17,34,36,37,0.0
2013-05-04,1,8,9,20,35,41,27,0.0
2013-04-27,4,8,17,21,23,37,10,0.0
2013-04-20,7,31,33,35,36,45,34,0.0
2013-04-13,13,28,30,31,33,44,34,0.0
2013-04-06,4,9,24,41,42,43,33,0.0
2013-03-30,7,21,32,34,35,42,30,0.0
2013-03-23,6,15,18,19,20,22,23,0.0
2013-03-16,1,7,22,28,31,39,5,0.0
2013-03-09,10,20,33,38,39,45,41,0.0
2013-03-02,24,31,32,39,43,45,25,0.0
2013-02-23,21,23,25,35,37,41,32,0.0
2013-02-16,3,4,7,8,12,25,28,0.0
2013-02-09,8,19,22,31,40,41,4,0.0
2013-02-02,15,22,23,24,29,33,35,0.0
2013-01-26,2,15,18,29,39,41,8,0.0
2013-01-19,12,15,20,23,32,43,3,0.0
2013-01-12,3,10,23,24,35,45,4,0.0
2013-01-05,5,8,18,26,37,44,3,0.0
2012-12-29,1,3,9,16,26,37,25,0.0
2012-12-22,1,4,25,31,37,45,24,0.0
2012-12-15,19,24,29,32,44,45,1,0.0
2012-12-08,16,19,33,34,42,45,6,0.0
2012-12-01,5,7,25,31,33,37,27,0.0
2012-11-24,7,11,26,29,34,40,45,0.0
2012-11-17,1,11,12,16,22,29,7,0.0
2012-11-10,12,15,19,29,30,44,42,0.0
2012-11-03,1,10,14,21,38,45,17,0.0
2012-10-27,3,4,24,28,31,33,23,0.0
2012-10-20,2,30,36,37,42,45,33,0.0
2012-10-13,1,8,21,22,24,44,45,0.0
2012-10-06,6,13,24,29,30,43,1,0.0
2012-09-29,16,19,25,27,31,36,7,0.0
2012-09-22,2,4,20,25,26,38,17,0.0
2012-09-15,1,3,4,11,23,26,20,0.0
2012-09-08,21,24,25,26,31,32,27,0.0
2012-09-01,1,15,20,38,39,41,44,0.0
2012-08-25,10,15,19,26,40,45,34,0.0
2012-08-18,8,11,18,20,23,33,29,0.0
2012-08-11,5,17,25,26,33,45,34,0.0
2012-08-04,7,23,33,34,35,42,24,0.0
2012-07-28,4,7,11,22,32,39,43,0.0
2012-07-21,6,25,36,38,43,45,19,0.0
2012-07-14,5,13,17,18,20,36,30,0.0
2012-07-07,7,11,19,26,40,44,13,0.0
2012-06-30,11,12,16,21,36,43,40,0.0
2012-06-23,5,14,15,34,39,40,19,0.0
2012-06-16,1,2,14,17,20,32,34,0.0
2012-06-09,7,10,25,28,33,42,12,0.0
2012-06-02,9,10,14,32,38,42,16,0.0
2012-05-26,22,23,25,31,32,41,16,0.0
2012-05-19,4,7,15,18,32,45,12,0.0
2012-05-12,2,7,10,11,38,41,20,0.0
2012-05-05,2,4,13,16,19,20,12,0.0
2012-04-28,10,18,28,31,36,44,13,0.0
2012-04-21,7,14,23,34,38,44,32,0.0
2012-04-14,6,7,15,30,36,44,11,0.0
2012-04-07,18,22,24,28,29,44,42,0.0
2012-03-31,1,18,25,36,38,45,15,0.0
2012-03-24,1,17,18,31,39,42,9,0.0
2012-03-17,14,19,26,27,29,43,41,0.0
2012-03-10,2,7,9,26,27,44,14,0.0
2012-03-03,2,3,11,17,20,26,43,0.0
2012-02-25,2,19,21,22,42,43,45,0.0
2012-02-18,3,9,18,27,31,38,12,0.0
2012-02-11,9,20,22,25,27,34,21,0.0
2012-02-04,2,14,15,32,33,36,6,0.0
2012-01-28,11,12,21,26,31,39,8,0.0
2012-01-21,7,13,22,32,37,41,26,0.0
2012-01-14,3,12,13,15,31,45,7,0.0
2012-01-07,2,6,12,17,20,38,4,0.0
2011-12-31,2,9,10,29,43,44,6,0.0
2011-12-24,6,17,23,26,29,45,44,0.0
2011-12-17,3,14,20,25,42,44,43,0.0
2011-12-10,7,8,19,34,43,44,12,0.0
2011-12-03,2,10,19,21,25,34,23,0.0
2011-11-26,13,17,31,38,39,42,30,0.0
2011-11-19,3,8,36,37,39,43,27,0.0
2011-11-12,7,24,27,28,32,39,6,0.0
2011-11-05,5,13,17,27,39,40,43,0.0
2011-10-29,6,17,20,26,28,34,10,0.0
2011-10-22,4,22,28,32,33,39,24,0.0
2011-10-15,14,21,25,33,38,43,29,0.0
2011-10-08,11,14,18,20,36,45,44,0.0
2011-10-01,2,8,13,32,42,44,16,0.0
2011-09-24,3,10,11,13,19,31,2,0.0
2011-09-17,12,17,25,34,35,37,45,0.0
2011-09-10,13,21,25,35,38,45,40,0.0
2011-09-03,5,10,14,27,28,34,20,0.0
2011-08-27,6,7,8,20,28,45,10,0.0
2011-08-20,3,8,15,16,18,39,42,0.0
2011-08-13,1,7,20,22,29,39,38,0.0
2011-08-06,2,16,17,19,38,39,24,0.0
2011-07-30,5,6,17,20,26,36,27,0.0
2011-07-23,3,12,14,34,35,40,16,0.0
2011-07-16,3,11,20,37,43,45,41,0.0
2011-07-09,10,14,32,36,37,38,33,0.0
2011-07-02,4,9,11,19,44,45,7,0.0
2011-06-25,4,13,23,33,39,42,11,0.0
2011-06-18,1,2,14,16,22,31,11,0.0
2011-06-11,2,3,17,35,38,43,25,0.0
2011-06-04,8,10,17,28,39,40,9,0.0
2011-05-28,5,22,24,26,31,35,10,0.0
2011-05-21,6,10,19,28,29,44,34,0.0
2011-05-14,2,10,21,27,28,29,40,0.0
2011-05-07,2,8,14,34,38,44,4,0.0
2011-04-30,4,8,13,26,35,41,9,0.0
2011-04-23,18,31,39,40,41,42,44,0.0
2011-04-16,2,14,18,24,27,43,11,0.0
2011-04-09,2,5,6,7,22,23,39,0.0
2011-04-02,11,12,13,18,19,41,20,0.0
2011-03-26,10,11,14,16,18,21,19,0.0
2011-03-19,11,12,17,29,36,38,16,0.0
2011-03-12,10,13,14,16,31,45,19,0.0
2011-03-05,20,22,28,36,39,42,40,0.0
2011-02-26,8,9,19,25,28,29,14,0.0
2011-02-19,6,14,18,20,35,41,19,0.0
2011-02-12,4,7,11,15,21,37,28,0.0
2011-02-05,9,23,27,30,34,42,11,0.0
2011-01-29,8,23,25,28,36,42,6,0.0
2011-01-22,3,6,26,30,31,38,16,0.0
2011-01-15,14,16,18,20,30,35,40,0.0
2011-01-08,11,24,32,35,37,41,44,0.0
2011-01-01,8,12,14,23,33,44,38,0.0
2010-12-25,13,23,26,35,41,44,39,0.0
2010-12-18,10,12,17,21,28,42,38,0.0
2010-12-11,2,11,14,25,26,34,23,0.0
2010-12-04,7,28,30,31,39,40,45,0.0
2010-11-27,1,12,28,40,42,44,17,0.0
2010-11-20,10,16,17,18,39,45,34,0.0
2010-11-13,12,14,27,30,40,45,6,0.0
2010-11-06,9,10,14,15,26,28,4,0.0
2010-10-30,2,17,18,25,40,45,16,0.0
2010-10-23,5,11,16,18,28,36,22,0.0
2010-10-16,7,9,12,32,43,44,13,0.0
2010-10-09,4,5,10,28,34,44,35,0.0
2010-10-02,11,13,28,32,34,36,39,0.0
2010-09-25,9,27,29,32,33,45,26,0.0
2010-09-18,5,18,19,21,25,37,31,0.0
2010-09-11,10,12,23,31,38,42,18,0.0
2010-09-04,8,18,22,31,32,44,3,0.0
2010-08-28,1,2,20,28,33,45,9,0.0
2010-08-21,4,6,28,31,34,45,19,0.0
2010-08-14,15,29,32,33,34,45,38,0.0
2010-08-07,1,10,14,23,36,40,29,0.0
2010-07-31,12,16,25,34,40,44,17,0.0
2010-07-24,4,10,14,28,36,42,35,0.0
2010-07-17,2,12,13,14,27,43,11,0.0
2010-07-10,4,11,13,17,20,34,8,0.0
2010-07-03,14,18,20,26,33,43,3,0.0
2010-06-26,5,6,9,31,37,39,32,0.0
2010-06-19,2,14,15,18,20,39,35,0.0
2010-06-12,1,9,12,19,20,41,28,0.0
2010-06-05,1,11,16,30,34,37,45,0.0
2010-05-29,10,17,18,20,21,37,40,0.0
2010-05-22,1,4,10,19,21,34,25,0.0
2010-05-15,5,10,20,27,28,37,17,0.0
2010-05-08,2,4,14,15,27,32,13,0.0
2010-05-01,2,7,25,40,41,42,6,0.0
2010-04-24,1,8,10,12,16,34,30,0.0
2010-04-17,1,2,5,14,26,43,40,0.0
2010-04-10,1,3,12,21,22,25,30,0.0
2010-04-03,6,8,26,31,38,40,30,0.0
2010-03-27,4,20,29,37,43,45,28,0.0
2010-03-20,4,6,7,22,35,39,9,0.0
2010-03-13,5,8,24,27,36,40,32,0.0
2010-03-06,6,25,29,38,40,43,22,0.0
2010-02-27,1,2,5,9,37,44,28,0.0
2010-02-20,7,12,19,26,39,41,38,0.0
2010-02-13,5,14,19,21,30,40,15,0.0
2010-02-06,2,6,19,34,37,41,26,0.0
2010-01-30,1,5,14,28,29,32,26,0.0
2010-01-23,6,15,16,17,26,35,31,0.0
2010-01-16,16,22,29,35,39,40,25,0.0
2010-01-09,6,10,12,14,18,24,7,0.0
2010-01-02,4,17,31,32,33,43,41,0.0
2009-12-26,5,10,12,21,38,42,33,0.0
2009-12-19,1,7,8,15,31,44,32,0.0
2009-12-12,7,13,14,15,31,34,39,0.0
2009-12-05,5,6,9,18,28,29,25,0.0
2009-11-28,2,4,16,18,26,33,9,0.0
2009-11-21,15,18,26,34,42,44,24,0.0
2009-11-14,2,11,21,32,38,44,39,0.0
2009-11-07,2,9,11,21,43,44,40,0.0
2009-10-31,12,13,14,18,37,44,7,0.0
2009-10-24,2,6,10,21,31,39,22,0.0
2009-10-17,6,8,17,22,36,39,31,0.0
2009-10-10,1,13,20,26,27,36,32,0.0
2009-10-03,3,19,26,30,33,45,13,0.0
2009-09-26,11,13,16,21,30,45,32,0.0
2009-09-19,9,12,13,33,39,43,41,0.0
2009-09-12,2,4,5,27,33,45,23,0.0
2009-09-05,11,13,17,25,28,39,33,0.0
2009-08-29,5,6,15,22,26,39,11,0.0
2009-08-22,7,8,35,41,42,43,20,0.0
2009-08-15,4,8,24,27,30,44,13,0.0
2009-08-08,17,32,35,39,40,43,1,0.0
2009-08-01,2,8,10,24,26,27,33,0.0
2009-07-25,4,9,12,23,40,43,27,0.0
2009-07-18,7,23,34,35,38,44,20,0.0
2009-07-11,8,14,18,29,35,45,5,0.0
2009-07-04,8,18,26,27,32,37,22,0.0
2009-06-27,2,3,9,13,29,42,35,0.0
2009-06-20,11,15,26,29,33,39,7,0.0
2009-06-13,4,15,17,21,26,31,9,0.0
2009-06-06,16,25,33,35,40,45,39,0.0
2009-05-30,18,21,29,32,37,43,8,0.0
2009-05-23,16,24,28,29,34,45,1,0.0
2009-05-16,2,15,19,21,42,43,30,0.0
2009-05-09,7,9,12,31,44,45,40,0.0
2009-05-02,9,14,24,34,41,45,23,0.0
2009-04-25,1,3,19,28,29,43,42,0.0
2009-04-18,14,21,26,30,34,42,17,0.0
2009-04-11,4,13,19,24,26,42,25,0.0
2009-04-04,8,10,15,27,31,37,6,0.0
2009-03-28,18,21,24,30,35,41,32,0.0
2009-03-21,4,10,35,37,39,41,8,0.0
2009-03-14,1,9,13,15,23,39,22,0.0
2009-03-07,2,8,20,30,31,41,4,0.0
2009-02-28,4,12,16,17,18,31,1,0.0
2009-02-21,6,8,31,32,36,37,41,0.0
2009-02-14,2,23,29,30,31,38,22,0.0
2009-02-07,15,25,26,29,35,39,22,0.0
2009-01-31,5,10,13,22,24,28,3,0.0
2009-01-24,3,11,15,37,39,41,13,0.0
2009-01-17,6,10,16,27,38,43,20,0.0
2009-01-10,3,5,7,33,40,42,8,0.0
2009-01-03,2,7,9,19,21,35,3,0.0
2008-12-27,6,28,29,42,43,45,19,0.0
2008-12-20,5,27,28,35,40,44,31,0.0
2008-12-13,10,12,14,19,27,39,33,0.0
2008-12-06,3,24,28,29,32,42,15,0.0
2008-11-29,14,15,21,23,25,30,28,0.0
2008-11-22,4,6,20,29,33,39,30,0.0
2008-11-15,11,12,18,22,30,38,42,0.0
2008-11-08,8,10,15,24,34,43,21,0.0
2008-11-01,2,9,15,31,37,39,34,0.0
2008-10-25,3,4,5,11,24,32,23,0.0
2008-10-18,6,14,17,18,28,32,25,0.0
2008-10-11,8,12,24,37,41,43,30,0.0
2008-10-04,7,11,14,21,25,32,15,0.0
2008-09-27,5,19,27,33,34,38,7,0.0
2008-09-20,1,8,21,38,40,45,42,0.0
2008-09-13,3,5,25,27,39,44,30,0.0
2008-09-06,3,4,5,8,22,35,25,0.0
2008-08-30,21,23,30,34,35,38,10,0.0
2008-08-23,2,3,4,23,26,30,12,0.0
2008-08-16,1,7,11,18,26,42,34,0.0
2008-08-09,10,16,20,40,43,44,39,0.0
2008-08-02,8,10,16,18,34,35,42,0.0
2008-07-26,14,15,16,34,41,45,27,0.0
2008-07-19,9,19,22,24,41,44,37,0.0
2008-07-12,4,9,10,16,29,32,11,0.0
2008-07-05,8,9,12,21,32,42,45,0.0
2008-06-28,8,10,21,22,40,45,43,0.0
2008-06-21,1,2,16,25,31,41,8,0.0
2008-06-14,2,4,7,19,27,31,33,0.0
2008-06-07,2,11,16,22,35,39,36,0.0
2008-05-31,13,25,31,33,36,37,9,0.0
2008-05-24,3,16,18,20,23,38,29,0.0
2008-05-17,2,4,6,24,28,40,5,0.0
2008-05-10,8,20,24,30,38,45,35,0.0
2008-05-03,1,7,8,10,11,25,41,0.0
2008-04-26,1,8,9,11,22,40,13,0.0
2008-04-19,21,24,34,41,42,45,35,0.0
2008-04-12,7,17,37,39,40,44,18,0.0
2008-04-05,1,3,4,5,30,35,23,0.0
2008-03-29,1,6,26,31,41,42,43,0.0
2008-03-22,1,10,13,14,16,33,20,0.0
2008-03-15,14,23,28,33,34,42,3,0.0
2008-03-08,12,20,26,30,35,40,10,0.0
2008-03-01,11,15,26,33,40,44,2,0.0
2008-02-23,15,29,31,33,36,38,45,0.0
2008-02-16,11,25,27,41,42,43,26,0.0
2008-02-09,4,18,25,33,35,43,7,0.0
2008-02-02,19,21,23,33,38,43,4,0.0
2008-01-26,2,17,19,30,32,41,18,0.0
2008-01-19,2,9,11,12,29,36,30,0.0
2008-01-12,3,12,21,27,29,44,16,0.0
2008-01-05,22,23,24,36,38,45,2,0.0
2007-12-29,3,19,23,35,38,42,5,0.0
2007-12-22,4,18,26,43,44,45,9,0.0
2007-12-15,4,5,9,10,18,39,13,0.0
2007-12-08,4,15,25,27,28,33,35,0.0
2007-12-01,12,25,26,28,30,39,32,0.0
2007-11-24,6,10,13,14,19,22,9,0.0
2007-11-17,8,14,26,27,29,43,24,0.0
2007-11-10,6,7,10,30,35,45,9,0.0
2007-11-03,6,12,24,27,28,41,32,0.0
2007-10-27,13,16,27,31,32,39,44,0.0
2007-10-20,5,9,16,19,23,43,21,0.0
2007-10-13,6,14,23,29,32,41,2,0.0
2007-10-06,1,6,7,8,19,32,39,0.0
2007-09-29,13,16,21,24,27,38,17,0.0
2007-09-22,7,11,13,33,34,42,6,0.0
2007-09-15,15,18,19,28,34,39,43,0.0
2007-09-08,7,22,31,34,38,40,36,0.0
2007-09-01,18,27,30,32,43,45,29,0.0
2007-08-25,23,24,28,33,41,43,32,0.0
2007-08-18,6,7,19,25,38,44,13,0.0
2007-08-11,15,16,27,31,34,43,19,0.0
2007-08-04,4,8,16,18,26,36,14,0.0
2007-07-28,9,13,14,37,38,43,28,0.0
2007-07-21,2,4,5,6,26,43,15,0.0
2007-07-14,14,15,20,25,38,39,34,0.0
2007-07-07,7,8,11,14,23,43,27,0.0
2007-06-30,1,23,27,40,41,43,13,0.0
2007-06-23,11,14,19,27,31,39,20,0.0
2007-06-16,24,25,34,36,39,41,27,0.0
2007-06-09,2,6,16,17,21,23,32,0.0
2007-06-02,3,14,19,22,31,34,27,0.0
2007-05-26,1,18,37,41,42,44,22,0.0
2007-05-19,4,8,16,17,34,35,44,0.0
2007-05-12,3,5,11,19,23,45,10,0.0
2007-05-05,7,9,22,23,25,34,41,0.0
2007-04-28,8,14,17,37,44,45,26,0.0
2007-04-21,5,10,15,21,22,45,6,0.0
2007-04-14,3,13,19,31,34,44,7,0.0
2007-04-07,7,10,11,17,18,32,6,0.0
2007-03-31,7,8,9,24,25,44,1,0.0
2007-03-24,4,6,17,30,35,40,28,0.0
2007-03-17,2,5,7,23,28,33,8,0.0
2007-03-10,1,5,27,35,37,42,19,0.0
2007-03-03,3,7,10,15,19,30,27,0.0
2007-02-24,5,19,23,30,32,37,39,0.0
2007-02-17,11,18,22,36,39,45,27,0.0
2007-02-10,5,20,21,32,33,36,18,0.0
2007-02-03,14,22,25,26,28,30,38,0.0
2007-01-27,13,19,22,29,44,45,24,0.0
2007-01-20,1,28,30,36,37,40,34,0.0
2007-01-13,2,6,9,14,20,31,3,0.0
2007-01-06,9,20,23,31,33,41,45,0.0
2006-12-30,8,10,27,38,41,45,3,0.0
2006-12-23,18,25,29,33,35,38,30,0.0
2006-12-16,8,16,23,28,29,34,32,0.0
2006-12-09,3,6,26,29,33,38,19,0.0
2006-12-02,7,9,12,23,39,41,26,0.0
2006-11-25,5,6,19,37,44,45,32,0.0
2006-11-18,1,2,22,25,33,37,19,0.0
2006-11-11,2,7,16,21,34,35,43,0.0
2006-11-04,1,19,26,27,29,38,42,0.0
2006-10-28,16,19,27,28,34,41,44,0.0
2006-10-21,2,3,4,10,36,44,16,0.0
2006-10-14,1,17,21,37,38,42,40,0.0
2006-10-07,3,9,11,13,44,45,32,0.0
2006-09-30,10,14,22,27,37,40,25,0.0
2006-09-23,5,10,15,17,22,34,24,0.0
2006-09-16,10,17,19,21,22,40,18,0.0
2006-09-09,3,9,10,14,16,28,6,0.0
2006-09-02,14,19,34,35,37,45,42,0.0
2006-08-26,10,13,16,19,34,43,6,0.0
2006-08-19,2,20,29,34,35,41,33,0.0
2006-08-12,14,19,28,30,32,33,29,0.0
2006-08-05,1,13,15,19,21,24,12,0.0
2006-07-29,16,22,31,32,36,45,17,0.0
2006-07-22,9,15,17,29,40,43,11,0.0
2006-07-15,4,15,23,25,36,37,14,0.0
2006-07-08,8,14,15,25,31,32,28,0.0
2006-07-01,10,14,29,32,38,45,39,0.0
2006-06-24,7,9,22,27,31,36,23,0.0
2006-06-17,3,20,22,25,36,40,11,0.0
2006-06-10,8,15,18,19,20,21,16,0.0
2006-06-03,9,16,27,30,32,36,26,0.0
2006-05-27,20,31,32,35,42,43,3,0.0
2006-05-20,10,25,33,42,43,45,6,0.0
2006-05-13,6,31,33,37,42,44,12,0.0
2006-05-06,10,16,17,18,29,36,40,0.0
2006-04-29,5,20,23,27,31,42,14,0.0
2006-04-22,6,14,15,18,35,44,41,0.0
2006-04-15,8,19,20,26,31,34,41,0.0
2006-04-08,9,15,16,20,21,26,6,0.0
2006-04-01,4,23,29,31,36,39,37,0.0
2006-03-25,10,21,24,26,30,42,35,0.0
2006-03-18,3,7,19,24,25,33,12,0.0
2006-03-11,6,7,22,23,28,38,5,0.0
2006-03-04,5,14,22,29,36,39,7,0.0
2006-02-25,9,14,21,25,35,38,22,0.0
2006-02-18,11,20,26,27,30,33,35,0.0
2006-02-11,1,3,11,28,40,42,33,0.0
2006-02-04,3,12,27,34,37,41,18,0.0
2006-01-28,1,3,8,9,27,36,43,0.0
2006-01-21,3,6,30,31,32,45,21,0.0
2006-01-14,8,13,15,30,43,44,4,0.0
2006-01-07,4,9,23,28,32,35,30,0.0
2005-12-31,3,13,21,25,27,28,44,0.0
2005-12-24,10,14,18,24,32,42,8,0.0
2005-12-17,1,13,21,26,43,45,30,0.0
2005-12-10,3,18,25,34,36,41,30,0.0
2005-12-03,7,16,20,29,30,34,1,0.0
2005-11-26,3,15,18,41,42,44,16,0.0
2005-11-19,16,18,31,39,40,43,17,0.0
2005-11-12,6,7,12,14,27,31,41,0.0
2005-11-05,3,5,6,22,30,37,11,0.0
2005-10-29,3,4,19,27,29,43,2,0.0
2005-10-22,8,25,32,34,38,39,16,0.0
2005-10-15,4,11,13,21,28,29,25,0.0
2005-10-08,9,17,18,22,25,30,12,0.0
2005-10-01,1,7,12,13,22,33,2,0.0
2005-09-24,3,14,21,40,42,45,5,0.0
2005-09-17,2,7,13,32,40,45,17,0.0
2005-09-10,3,17,24,26,34,35,42,0.0
2005-09-03,2,6,27,28,32,37,3,0.0
2005-08-27,2,16,18,21,35,38,27,0.0
2005-08-20,5,7,20,28,30,40,25,0.0
2005-08-13,1,10,15,23,28,36,24,0.0
2005-08-06,1,9,17,29,30,42,5,0.0
2005-07-30,14,23,27,29,30,32,37,0.0
2005-07-23,10,15,18,22,23,43,35,0.0
2005-07-16,4,37,38,39,40,43,2,0.0
2005-07-09,3,14,30,36,40,44,18,0.0
2005-07-02,11,13,18,20,22,39,35,0.0
2005-06-25,7,28,30,33,43,45,25,0.0
2005-06-18,9,10,20,31,33,39,7,0.0
2005-06-11,3,10,28,31,41,42,35,0.0
2005-06-04,5,6,13,15,24,26,37,0.0
2005-05-28,32,35,36,40,41,45,14,0.0
2005-05-21,10,11,22,34,39,44,15,0.0
2005-05-14,5,10,12,15,20,24,2,0.0
2005-05-07,7,12,20,38,43,45,22,0.0
2005-04-30,11,23,30,35,37,42,33,0.0
2005-04-23,1,11,18,32,35,44,37,0.0
2005-04-16,13,30,35,37,42,45,14,0.0
2005-04-09,8,17,21,22,32,35,31,0.0
2005-04-02,1,3,12,16,20,27,43,0.0
2005-03-26,18,19,22,32,38,40,15,0.0
2005-03-19,11,21,22,29,37,40,9,0.0
2005-03-12,18,21,23,28,29,38,5,0.0
2005-03-05,3,12,23,29,39,41,6,0.0
2005-02-26,1,4,8,10,13,22,9,0.0
2005-02-19,1,3,5,24,25,34,17,0.0
2005-02-12,7,11,16,22,34,44,27,0.0
2005-02-05,10,19,22,25,41,44,15,0.0
2005-01-29,16,17,25,34,37,39,38,0.0
2005-01-22,9,12,22,28,35,43,4,0.0
2005-01-15,16,19,21,22,26,42,43,0.0
2005-01-08,2,28,32,33,38,39,11,0.0
2005-01-01,8,15,22,26,31,38,25,0.0
2004-12-25,9,10,14,21,24,26,42,0.0
2004-12-18,1,4,16,22,23,27,35,0.0
2004-12-11,3,4,10,11,13,23,22,0.0
2004-12-04,3,9,21,24,28,39,6,0.0
2004-11-27,10,12,22,26,29,36,20,0.0
2004-11-20,1,17,19,29,33,44,6,0.0
2004-11-13,8,25,33,34,40,43,11,0.0
2004-11-06,3,11,14,18,26,28,20,0.0
2004-10-30,4,6,12,13,29,35,11,0.0
2004-10-23,1,6,8,24,36,39,5,0.0
2004-10-16,10,12,16,17,18,24,23,0.0
2004-10-09,18,22,24,26,27,31,23,0.0
2004-10-02,1,2,10,15,23,44,17,0.0
2004-09-25,6,10,15,16,24,45,38,0.0
2004-09-18,3,9,15,37,40,44,7,0.0
2004-09-11,2,8,9,31,34,37,11,0.0
2004-09-04,11,18,22,27,36,44,10,0.0
2004-08-28,1,13,20,21,25,37,24,0.0
2004-08-21,5,13,17,34,39,44,7,0.0
2004-08-14,2,6,9,18,33,41,29,0.0
2004-08-07,4,11,32,35,36,39,16,0.0
2004-07-31,3,11,13,14,24,33,23,0.0
2004-07-24,1,7,10,23,35,44,24,0.0
2004-07-17,2,13,22,23,36,41,44,0.0
2004-07-10,1,2,8,9,11,37,3,0.0
2004-07-03,6,11,12,19,26,44,43,0.0
2004-06-26,6,10,12,13,24,43,28,0.0
2004-06-19,6,8,18,31,39,44,42,0.0
2004-06-12,10,19,20,31,42,44,27,0.0
2004-06-05,4,6,12,19,22,39,7,0.0
2004-05-29,1,9,10,13,26,41,15,0.0
2004-05-22,24,25,35,38,41,43,31,0.0
2004-05-15,1,10,14,27,30,45,4,0.0
2004-05-08,12,21,22,27,36,43,37,0.0
2004-05-01,3,11,21,35,38,44,24,0.0
2004-04-24,8,14,24,26,41,43,45,0.0
2004-04-17,8,9,22,36,41,45,18,0.0
2004-04-10,2,4,9,24,34,45,25,0.0
2004-04-03,1,7,8,14,23,33,25,0.0
2004-03-27,24,25,28,31,41,42,17,0.0
2004-03-20,1,2,3,27,39,43,22,0.0
2004-03-13,11,12,14,28,39,42,21,0.0
2004-03-06,8,9,12,25,39,43,5,0.0
2004-02-28,3,8,16,19,24,29,20,0.0
2004-02-21,7,9,10,17,22,42,5,0.0
2004-02-14,2,13,18,31,39,43,10,0.0
2004-02-07,10,17,20,32,43,44,38,0.0
2004-01-31,15,29,31,41,42,43,27,0.0
2004-01-24,7,26,30,32,38,41,4,0.0
2004-01-17,3,10,12,13,30,37,9,0.0
2004-01-10,2,3,8,11,23,27,4,0.0
2004-01-03,10,11,20,35,38,40,42,0.0
2003-12-27,15,20,28,30,31,37,13,0.0
2003-12-20,2,7,9,18,31,45,25,0.0
2003-12-13,13,14,15,17,21,25,33,0.0
2003-12-06,3,13,22,23,28,34,15,0.0
2003-11-29,11,20,22,28,35,42,25,0.0
2003-11-22,17,36,37,38,40,42,2,0.0
2003-11-15,4,5,21,30,39,43,7,0.0
2003-11-08,2,8,35,39,43,44,42,0.0
2003-11-01,11,14,22,24,29,32,26,0.0
2003-10-25,12,23,24,30,31,38,18,0.0
2003-10-18,12,15,25,30,36,42,26,0.0
2003-10-11,6,12,23,29,33,43,20,0.0
2003-10-04,10,13,22,25,26,39,33,0.0
2003-09-27,10,15,21,39,43,45,4,0.0
2003-09-20,5,6,20,28,43,44,12,0.0
2003-09-13,9,10,22,27,31,36,25,0.0
2003-09-06,15,22,23,29,43,45,3,0.0
2003-08-30,5,18,22,28,29,44,30,0.0
2003-08-23,1,25,28,29,35,40,39,0.0
2003-08-16,5,14,17,32,33,42,38,0.0
2003-08-09,20,26,27,34,38,43,14,0.0
2003-08-02,1,8,10,29,41,42,2,0.0
2003-07-26,2,19,23,33,36,37,18,0.0
2003-07-19,3,5,12,36,37,45,14,0.0
2003-07-12,13,14,24,32,43,45,39,0.0
2003-07-05,2,7,12,23,24,41,13,0.0
2003-06-28,4,10,12,13,30,39,36,0.0
2003-06-21,6,16,19,20,24,42,26,0.0
2003-06-14,14,23,28,30,31,32,43,0.0
2003-06-07,7,8,23,24,26,33,4,0.0
2003-05-31,2,15,20,24,39,43,10,0.0
2003-05-24,4,12,17,27,29,37,43,0.0
2003-05-17,9,14,29,35,36,42,24,0.0
2003-05-10,1,8,16,19,25,42,34,0.0
2003-05-03,4,7,8,24,27,41,45,0.0
2003-04-26,2,8,12,18,25,33,22,0.0
2003-04-19,12,25,29,42,44,45,18,0.0
2003-04-12,6,8,13,15,35,39,22,0.0
2003-04-05,3,26,33,36,40,41,21,0.0
2003-03-29,1,5,7,16,21,35,44,0.0
2003-03-22,5,7,18,23,33,38,37,0.0
2003-03-15,7,18,26,32,42,43,37,0.0
2003-03-08,11,18,29,31,37,45,6,0.0
2003-03-01,3,7,15,17,28,45,10,0.0
2003-02-22,7,8,10,27,31,38,12,0.0
2003-02-15,2,7,20,24,28,35,42,0.0
2003-02-08,6,10,15,28,29,40,33,0.0
2003-02-01,4,7,8,18,22,45,33,0.0
2003-01-25,5,25,28,32,33,36,17,0.0
2003-01-18,3,28,30,34,35,36,13,0.0
2003-01-11,4,15,16,17,20,26,24,0.0
2003-01-04,3,12,22,25,30,41,38,0.0
2002-12-28,2,9,13,27,29,43,18,0.0
2002-12-21,12,13,24,40,41,42,37,0.0
2002-12-14,1,6,9,21,25,27,13,0.0
2002-12-07,12,15,27,32,38,41,35,0.0
2002-11-30,1,12,13,23,30,45,28,0.0
2002-11-23,3,16,27,31,40,41,39,0.0
2002-11-16,7,12,26,33,38,45,30,0.0
2002-11-09,9,19,25,26,31,40,12,0.0
2002-11-02,4,5,11,15,23,28,29,0.0
2002-10-26,9,22,35,36,37,41,30,0.0
2002-10-19,5,8,10,11,28,31,30,0.0
2002-10-12,8,18,19,28,37,42,11,0.0
2002-10-05,1,9,18,19,42,45,24,0.0
2002-09-28,7,11,14,25,28,44,10,0.0
2002-09-21,14,15,16,21,26,29,1,0.0
2002-09-14,14,16,20,23,33,36,26,0.0
2002-09-07,12,14,28,30,34,43,23,0.0
2002-08-31,17,29,32,33,34,38,15,0.0
2002-08-24,1,2,4,10,11,19,33,0.0
2002-08-17,2,17,25,28,39,44,31,0.0
2002-08-10,7,16,17,20,35,42,21,0.0
2002-08-03,4,19,24,26,28,40,15,0.0
2002-07-27,4,10,11,27,30,37,35,0.0
2002-07-20,2,7,13,18,20,28,1,0.0
2002-07-13,11,17,19,20,21,28,27,0.0
2002-07-06,15,16,20,21,36,40,17,0.0
2002-06-29,10,11,14,18,27,42,45,0.0
2002-06-22,5,6,22,29,31,45,33,0.0
2002-06-15,14,20,23,31,32,41,12,0.0
2002-06-08,20,22,24,30,31,33,25,0.0
2002-06-01,11,15,20,25,30,42,29,0.0
2002-05-25,4,12,27,39,40,42,10,0.0
2002-05-18,4,13,19,25,34,43,14,0.0
2002-05-11,6,9,18,22,28,44,34,0.0
2002-05-04,7,11,18,20,25,38,22,0.0
2002-04-27,1,19,22,23,32,44,34,0.0
2002-04-20,6,8,25,30,33,34,18,0.0
2002-04-13,11,16,17,19,20,29,42,0.0
2002-04-06,3,7,11,29,34,37,15,0.0
2002-03-30,3,14,15,29,33,41,7,0.0
2002-03-23,11,16,23,27,34,42,1,0.0
2002-03-16,11,12,22,26,33,41,3,0.0
2002-03-09,5,6,8,37,40,41,33,0.0
2002-03-02,9,14,24,30,41,42,22,0.0
2002-02-23,3,4,10,30,33,44,18,0.0
2002-02-16,7,12,18,27,30,40,6,0.0
2002-02-09,10,12,13,17,19,38,29,0.0
2002-02-02,10,13,20,25,39,42,1,0.0
2002-01-26,6,9,10,21,30,42,16,0.0
2002-01-19,13,33,36,42,43,44,45,0.0
2002-01-12,18,27,34,36,40,43,16,0.0
2002-01-05,2,14,18,19,20,24,15,0.0
2001-12-29,5,14,15,16,33,36,13,0.0
2001-12-22,4,12,19,29,32,33,17,0.0
2001-12-15,1,2,19,36,37,44,18,0.0
2001-12-08,2,9,18,21,34,35,23,0.0
2001-12-01,1,5,6,26,33,41,44,0.0
2001-11-24,5,16,18,38,41,44,25,0.0
2001-11-17,2,23,29,35,40,44,21,0.0
2001-11-10,3,26,28,32,34,41,30,0.0
2001-11-03,8,9,11,30,40,42,18,0.0
2001-10-27,5,11,12,16,23,30,31,0.0
2001-10-20,3,5,14,16,32,35,15,0.0
2001-10-13,2,13,16,29,34,41,30,0.0
2001-10-06,2,16,21,38,39,44,33,0.0
2001-09-29,7,14,23,27,38,41,20,0.0
2001-09-22,1,2,11,26,39,40,35,0.0
2001-09-15,2,22,23,29,30,32,40,0.0
2001-09-08,1,19,25,34,41,43,42,0.0
2001-09-01,2,3,7,9,34,45,16,0.0
2001-08-25,9,14,20,21,33,43,39,0.0
2001-08-18,3,14,21,25,36,39,20,0.0
2001-08-11,7,13,27,32,40,45,17,0.0
2001-08-04,2,8,19,20,22,45,30,0.0
2001-07-28,6,13,14,17,35,44,22,0.0
2001-07-21,13,18,29,30,38,41,10,0.0
2001-07-14,8,12,30,31,33,34,20,0.0
2001-07-07,21,25,33,35,37,43,45,0.0
2001-06-30,7,8,19,28,36,38,35,0.0
2001-06-23,3,18,39,42,44,45,11,0.0
2001-06-16,28,30,31,37,40,42,13,0.0
2001-06-09,10,17,19,24,29,41,37,0.0
2001-06-02,3,15,17,26,33,40,11,0.0
2001-05-26,9,16,19,27,30,42,36,0.0
2001-05-19,8,19,22,25,37,41,10,0.0
2001-05-12,10,16,22,23,25,41,33,0.0
2001-05-05,10,11,23,31,40,42,2,0.0
2001-04-28,6,12,20,28,29,43,45,0.0
2001-04-21,6,11,21,24,33,42,2,0.0
2001-04-14,18,20,24,32,39,43,28,0.0
2001-04-07,10,17,28,36,38,41,35,0.0
2001-03-31,5,8,17,19,38,41,6,0.0
2001-03-24,12,15,27,31,33,40,43,0.0
2001-03-17,1,5,10,15,32,45,8,0.0
2001-03-10,2,3,25,39,40,42,12,0.0
2001-03-03,4,16,18,21,25,32,13,0.0
2001-02-24,5,10,20,24,26,43,19,0.0
2001-02-17,11,15,19,28,39,44,20,0.0
2001-02-10,4,23,27,36,43,45,16,0.0
2001-02-03,2,17,22,23,27,30,41,0.0
2001-01-27,5,9,24,30,33,45,42,0.0
2001-01-20,5,7,24,35,36,37,25,0.0
2001-01-13,1,10,12,16,39,43,38,0.0
2001-01-06,22,32,34,36,37,45,1,0.0
2000-12-30,12,14,18,29,32,37,9,0.0
2000-12-23,2,8,14,19,25,38,12,0.0
2000-12-16,10,15,17,28,29,33,6,0.0
2000-12-09,11,14,24,27,31,38,35,0.0
2000-12-02,3,8,27,32,39,42,19,0.0
2000-11-25,2,3,5,30,31,37,20,0.0
2000-11-18,14,22,29,38,40,44,25,0.0
2000-11-11,2,10,11,17,25,31,40,0.0
2000-11-04,3,9,14,20,43,45,30,0.0
2000-10-28,9,11,18,20,30,43,41,0.0
2000-10-21,5,13,16,31,33,44,28,0.0
2000-10-14,10,36,37,40,42,45,16,0.0
2000-10-07,3,10,13,26,29,45,41,0.0
2000-09-30,2,16,19,28,37,45,14,0.0
2000-09-23,3,9,22,26,40,43,7,0.0
2000-09-16,7,16,26,34,35,36,20,0.0
2000-09-09,6,15,16,39,42,44,9,0.0
2000-09-02,7,15,21,25,36,37,8,0.0
2000-08-26,8,14,25,33,41,42,12,0.0
2000-08-19,1,2,3,13,29,38,37,0.0
2000-08-12,2,5,8,11,18,39,24,0.0
2000-08-05,1,8,21,26,27,31,43,0.0
2000-07-29,6,21,23,39,40,41,16,0.0
2000-07-22,16,19,20,28,30,33,34,0.0
2000-07-15,15,26,29,34,38,39,31,0.0
2000-07-08,9,10,14,24,27,40,11,0.0
2000-07-01,19,22,26,32,35,38,7,0.0
2000-06-24,8,17,25,32,34,39,35,0.0
2000-06-17,7,9,12,13,30,38,4,0.0
2000-06-10,1,21,25,26,36,43,27,0.0
2000-06-03,5,15,33,41,43,45,10,0.0
2000-05-27,2,11,20,22,30,44,1,0.0
2000-05-20,9,13,16,35,37,38,14,0.0
2000-05-13,18,19,25,27,30,43,36,0.0
2000-05-06,3,10,16,18,32,43,2,0.0
2000-04-29,4,12,25,28,31,36,43,0.0
2000-04-22,3,9,11,12,30,33,42,0.0
2000-04-15,9,10,16,21,27,35,18,0.0
2000-04-08,2,8,16,30,38,42,14,0.0
2000-04-01,6,16,24,25,34,44,29,0.0
2000-03-25,25,28,29,41,43,44,14,0.0
2000-03-18,12,15,18,20,27,43,30,0.0
2000-03-11,9,14,22,31,37,42,32,0.0
2000-03-04,4,13,15,17,24,33,27,0.0
2000-02-26,1,5,10,11,40,44,26,0.0
2000-02-19,6,7,19,22,25,29,4,0.0
2000-02-12,3,16,30,33,40,42,27,0.0
2000-02-05,1,10,24,37,39,44,30,0.0
2000-01-29,5,7,8,15,21,24,26,0.0
2000-01-22,6,8,10,12,26,41,4,0.0
2000-01-15,8,23,33,34,41,44,3,0.0
2000-01-08,2,11,12,22,30,32,25,0.0
2000-01-01,20,23,24,26,29,31,12,0.0
1999-12-25,5,14,15,16,27,32,41,0.0
1999-12-18,8,26,41,42,43,44,34,0.0
1999-12-11,1,5,9,13,16,29,23,0.0
1999-12-04,25,27,31,37,38,40,23,0.0
1999-11-27,6,19,32,33,37,43,11,0.0
1999-11-20,6,13,15,21,33,34,19,0.0
1999-11-13,1,3,4,12,16,28,26,0.0
1999-11-06,10,12,16,20,31,42,19,0.0
1999-10-30,2,4,7,17,26,28,8,0.0
1999-10-23,3,12,22,27,35,40,31,0.0
1999-10-16,11,31,32,33,35,41,25,0.0
1999-10-09,8,22,28,34,41,44,1,0.0
1999-10-02,2,7,15,23,33,44,3,0.0
1999-09-25,6,11,16,31,37,45,33,0.0
1999-09-18,1,7,23,27,42,43,28,0.0
1999-09-11,10,12,29,30,36,43,41,0.0
1999-09-04,18,21,22,29,36,45,3,0.0
1999-08-28,6,12,20,28,35,40,8,0.0
1999-08-21,1,10,14,17,31,36,25,0.0
1999-08-14,2,10,19,30,34,45,24,0.0
1999-08-07,5,6,25,31,38,40,39,0.0
1999-07-31,7,17,21,25,34,44,15,0.0
1999-07-24,8,22,24,31,32,37,25,0.0
1999-07-17,3,12,14,28,32,41,42,0.0
1999-07-10,6,7,9,32,41,45,28,0.0
1999-07-03,2,3,7,22,29,33,11,0.0
1999-06-26,11,14,15,29,41,42,44,0.0
1999-06-19,3,9,10,11,31,45,41,0.0
1999-06-12,1,13,18,23,28,33,42,0.0
1999-06-05,3,5,19,22,23,30,41,0.0
1999-05-29,9,15,18,28,31,34,19,0.0
1999-05-22,1,2,3,4,5,33,25,0.0
1999-05-15,9,18,31,36,37,38,10,0.0
1999-05-08,7,10,35,38,39,45,41,0.0
1999-05-01,3,6,8,15,30,38,23,0.0
1999-04-24,1,2,7,10,14,30,44,0.0
1999-04-17,1,2,7,10,14,30,44,0.0
1999-04-10,6,11,28,38,42,45,34,0.0
1999-04-03,10,11,16,17,21,27,8,0.0
1999-03-27,1,8,13,17,20,41,4,0.0
1999-03-20,7,11,15,34,42,43,12,0.0
1999-03-13,10,12,13,21,29,31,9,0.0
1999-03-06,14,20,21,35,39,41,9,0.0
1999-02-27,7,15,17,25,42,44,3,0.0
1999-02-20,13,15,20,21,31,38,26,0.0
1999-02-13,4,13,20,23,27,29,30,0.0
1999-02-06,3,20,21,34,35,38,7,0.0
1999-01-30,8,9,12,24,29,38,22,0.0
1999-01-23,7,8,9,32,39,41,2,0.0
1999-01-16,4,8,12,17,38,40,15,0.0
1999-01-09,8,12,20,30,31,32,1,0.0
1999-01-02,2,4,8,13,23,44,10,0.0
1998-12-26,1,4,19,25,31,38,21,0.0
1998-12-19,10,14,31,32,34,38,8,0.0
1998-12-12,22,30,34,35,39,41,29,0.0
1998-12-05,9,10,20,36,40,42,8,0.0
1998-11-28,1,4,15,16,25,41,5,0.0
1998-11-21,5,16,17,25,32,41,42,0.0
1998-11-14,13,20,22,26,36,43,34,0.0
1998-11-07,9,30,34,40,41,43,16,0.0
1998-10-31,4,5,10,17,19,41,3,0.0
1998-10-24,10,14,15,20,29,45,24,0.0
1998-10-17,3,5,8,37,43,45,30,0.0
1998-10-10,1,24,29,32,43,45,5,0.0
1998-10-03,4,12,28,29,30,38,27,0.0
1998-09-26,9,10,24,31,34,36,22,0.0
1998-09-19,16,20,23,30,31,32,39,0.0
1998-09-12,8,22,27,30,34,41,45,0.0
1998-09-05,13,16,29,31,35,37,39,0.0
1998-08-29,11,14,19,30,32,35,36,0.0
1998-08-22,5,16,19,34,35,40,26,0.0
1998-08-15,8,18,20,31,34,37,15,0.0
1998-08-08,8,15,16,25,42,44,43,0.0
1998-08-01,2,15,28,35,36,39,3,0.0
1998-07-25,5,9,14,32,43,44,23,0.0
1998-07-18,4,22,24,26,40,41,3,0.0
1998-07-11,8,16,19,27,33,43,2,0.0
1998-07-04,1,2,7,24,26,44,27,0.0
1998-06-27,13,15,19,27,38,42,5,0.0
1998-06-20,3,8,9,12,21,39,2,0.0
1998-06-13,8,21,22,29,39,40,44,0.0
1998-06-06,2,4,7,27,29,44,19,0.0
1998-05-30,20,23,27,34,39,44,21,0.0
1998-05-23,1,6,17,36,40,43,44,0.0
1998-05-16,10,12,14,22,24,43,1,0.0
1998-05-09,8,9,10,27,41,42,11,0.0
1998-05-02,2,10,16,24,41,44,8,0.0
1998-04-25,2,12,24,25,38,40,8,0.0
1998-04-18,2,4,6,22,35,45,32,0.0
1998-04-11,12,15,16,27,34,40,31,0.0
1998-04-04,3,11,18,21,37,40,27,0.0
1998-03-28,11,24,36,37,38,40,43,0.0
1998-03-21,14,24,28,38,39,41,43,0.0
1998-03-14,4,5,16,28,30,39,23,0.0
1998-03-07,13,30,35,37,40,45,26,0.0
1998-02-28,7,16,22,28,36,39,27,0.0
1998-02-21,4,8,18,20,26,38,3,0.0
1998-02-14,6,9,14,21,40,44,25,0.0
1998-02-07,1,7,8,24,27,30,16,0.0
1998-01-31,8,14,17,25,32,44,21,0.0
1998-01-24,2,16,30,35,38,42,44,0.0
1998-01-17,3,9,26,28,34,40,32,0.0
1998-01-10,16,23,28,29,33,40,15,0.0
1998-01-03,12,15,17,19,30,44,36,0.0
1997-12-27,2,11,16,35,36,37,27,0.0
1997-12-20,1,12,24,31,34,41,43,0.0
1997-12-13,8,11,18,22,26,32,3,0.0
1997-12-06,8,10,23,32,36,39,11,0.0
1997-11-29,16,21,26,30,32,40,15,0.0
1997-11-22,7,8,22,36,39,41,27,0.0
1997-11-15,11,14,18,19,27,42,21,0.0
1997-11-08,4,8,16,27,30,32,25,0.0
1997-11-01,3,14,15,38,39,41,17,0.0
1997-10-25,5,6,10,27,31,34,23,0.0
1997-10-18,24,25,30,31,41,45,28,0.0
1997-10-11,7,19,28,29,30,37,9,0.0
1997-10-04,3,21,23,24,33,45,32,0.0
1997-09-27,6,14,26,27,36,41,5,0.0
1997-09-20,4,14,29,36,39,40,27,0.0
1997-09-13,6,9,16,30,32,43,19,0.0
1997-09-06,2,19,22,26,29,40,24,0.0
1997-08-30,11,25,32,37,42,44,31,0.0
1997-08-23,2,9,16,29,36,43,6,0.0
1997-08-16,1,2,25,28,35,37,19,0.0
1997-08-09,24,25,31,38,41,45,16,0.0
1997-08-02,11,21,31,35,37,40,2,0.0
1997-07-26,1,12,24,26,43,44,31,0.0
1997-07-19,1,2,12,14,25,36,3,0.0
1997-07-12,2,12,17,29,32,35,19,0.0
1997-07-05,2,17,20,26,28,40,15,0.0
1997-06-28,11,14,34,35,38,39,19,0.0
1997-06-21,2,5,18,33,35,42,14,0.0
1997-06-14,4,14,16,28,34,37,18,0.0
1997-06-07,21,29,31,37,38,41,24,0.0
1997-05-31,3,25,28,30,32,36,40,0.0
1997-05-24,7,9,19,22,35,36,43,0.0
1997-05-17,2,9,16,17,20,45,32,0.0
1997-05-10,3,4,12,18,39,42,43,0.0
1997-05-03,1,5,9,14,18,28,42,0.0
1997-04-26,1,4,10,29,31,40,28,0.0
1997-04-19,5,18,22,37,41,45,33,0.0
1997-04-12,9,15,16,21,34,41,10,0.0
1997-04-05,1,2,3,31,43,44,8,0.0
1997-03-29,3,4,17,30,43,45,31,0.0
1997-03-22,3,6,10,12,15,17,44,0.0
1997-03-15,11,17,22,36,44,45,42,0.0
1997-03-08,2,5,14,31,38,42,16,0.0
1997-03-01,21,22,26,34,37,43,13,0.0
1997-02-22,15,17,29,35,38,40,7,0.0
1997-02-15,1,15,21,30,36,41,7,0.0
1997-02-08,1,8,13,26,30,41,24,0.0
1997-02-01,12,15,24,25,35,41,44,0.0
1997-01-25,8,12,26,28,29,45,15,0.0
1997-01-18,6,16,17,18,28,35,24,0.0
1997-01-11,10,13,15,25,37,41,33,0.0
1997-01-04,22,23,26,27,29,42,34,0.0
1996-12-28,4,6,16,19,20,35,40,0.0
1996-12-21,1,2,8,21,30,34,25,0.0
1996-12-14,3,10,22,29,31,44,6,0.0
1996-12-07,4,18,25,26,42,45,2,0.0
1996-11-30,2,7,17,25,27,41,34,0.0
1996-11-23,13,28,29,37,40,41,6,0.0
1996-11-16,27,28,32,34,43,45,38,0.0
1996-11-09,1,6,7,10,26,38,29,0.0
1996-11-02,27,30,31,36,37,41,43,0.0
1996-10-26,5,12,28,29,42,43,26,0.0
1996-10-19,3,7,14,23,36,44,18,0.0
1996-10-12,1,12,16,20,31,44,23,0.0
1996-10-05,10,12,24,30,36,40,45,0.0
1996-09-28,8,10,22,28,31,42,36,0.0
1996-09-21,4,8,14,24,25,30,38,0.0
1996-09-14,1,12,15,21,26,41,23,0.0
1996-09-07,2,6,11,22,34,43,35,0.0
1996-08-31,9,11,14,19,35,39,20,0.0
1996-08-24,8,13,14,28,31,34,37,0.0
1996-08-17,4,5,11,25,33,34,14,0.0
1996-08-10,4,11,14,17,32,37,27,0.0
1996-08-03,8,10,11,13,36,42,33,0.0
1996-07-27,16,18,22,29,32,36,43,0.0
1996-07-20,9,12,19,21,23,42,24,0.0
1996-07-13,6,7,26,32,35,43,8,0.0
1996-07-06,5,11,19,32,35,44,41,0.0
1996-06-29,5,15,22,26,27,43,19,0.0
1996-06-22,16,22,24,37,40,41,1,0.0
1996-06-15,13,24,26,28,30,41,33,0.0
1996-06-08,13,21,22,29,31,32,1,0.0
1996-06-01,5,8,9,20,33,40,42,0.0
1996-05-25,5,10,30,37,39,43,38,0.0
1996-05-18,2,15,21,27,32,42,8,0.0
1996-05-11,7,18,19,32,34,44,4,0.0
1996-05-04,3,8,15,27,40,41,10,0.0
1996-04-27,6,18,25,29,33,44,39,0.0
1996-04-20,6,14,19,23,37,44,16,0.0
1996-04-13,3,8,30,31,34,43,26,0.0
1996-04-06,1,3,17,20,32,39,21,0.0
1996-03-30,5,15,17,21,26,39,14,0.0
1996-03-23,1,5,15,18,24,38,35,0.0
1996-03-16,6,7,21,31,32,25,37,0.0
1996-03-09,4,12,16,26,27,39,32,0.0
1996-03-02,18,30,34,35,38,41,6,0.0
1996-02-24,6,14,24,25,33,37,18,0.0
1996-02-17,1,5,24,35,43,45,25,0.0
1996-02-10,15,23,24,37,42,45,22,0.0
1996-02-03,10,20,37,40,41,43,16,0.0
1996-01-27,11,14,25,27,36,37,10,0.0
1996-01-20,4,12,14,16,34,42,41,0.0
1996-01-13,1,2,6,9,24,38,42,0.0
1996-01-06,9,19,22,27,38,39,10,0.0
1995-12-30,6,8,11,15,31,43,45,0.0
1995-12-23,9,14,26,29,40,42,39,0.0
1995-12-16,3,8,15,16,31,39,19,0.0
1995-12-09,3,5,22,26,37,39,11,0.0
1995-12-02,3,4,6,10,11,30,40,0.0
1995-11-25,2,17,21,27,30,43,1,0.0
1995-11-18,7,21,24,29,38,43,18,0.0
1995-11-11,4,16,20,29,32,36,9,0.0
1995-11-04,13,19,25,26,33,35,20,0.0
1995-10-28,4,14,17,18,25,29,23,0.0
1995-10-21,1,3,10,11,27,43,16,0.0
1995-10-14,10,11,15,16,18,28,25,0.0
1995-10-07,10,11,16,33,36,43,5,0.0
1995-09-30,1,26,33,34,42,43,31,0.0
1995-09-23,5,10,18,33,34,45,12,0.0
1995-09-16,1,4,7,15,31,42,9,0.0
1995-09-09,1,5,17,26,33,41,2,0.0
1995-09-02,2,4,6,11,23,28,44,0.0
1995-08-26,4,14,18,21,29,42,36,0.0
1995-08-19,1,14,15,23,24,30,43,0.0
1995-08-12,5,7,29,37,39,40,1,0.0
1995-08-05,6,11,19,27,40,44,10,0.0
1995-07-29,3,5,9,26,43,45,44,0.0
1995-07-22,3,8,18,28,31,39,32,0.0
1995-07-15,1,5,12,14,19,26,2,0.0
1995-07-08,2,3,16,19,39,41,1,0.0
1995-07-01,15,16,18,19,20,45,1,0.0
1995-06-24,1,26,27,39,42,45,24,0.0
1995-06-17,7,8,15,16,20,24,19,0.0
1995-06-10,7,17,18,26,35,41,6,0.0
1995-06-03,16,17,22,25,33,34,18,0.0
1995-05-27,4,7,9,11,15,41,35,0.0
1995-05-20,2,3,25,32,34,44,22,0.0
1995-05-13,8,15,17,18,28,36,38,0.0
1995-05-06,5,8,18,22,40,41,12,0.0
1995-04-29,6,9,16,23,36,39,24,0.0
1995-04-22,10,14,22,30,42,45,11,0.0
1995-04-15,1,15,26,30,38,41,11,0.0
1995-04-08,10,17,19,20,30,38,1,0.0
1995-04-01,3,35,36,37,39,40,2,0.0
1995-03-25,6,10,25,29,33,38,45,0.0
1995-03-18,6,14,15,19,21,27,24,0.0
1995-03-11,1,3,9,20,24,30,33,0.0
1995-03-04,18,23,31,36,38,44,22,0.0
1995-02-25,29,33,38,39,43,44,17,0.0
1995-02-18,5,14,16,18,25,26,41,0.0
1995-02-11,8,16,32,35,37,45,4,0.0
1995-02-04,11,24,31,35,43,45,19,0.0
1995-01-28,15,21,22,25,32,33,2,0.0
1995-01-21,6,18,22,26,39,44,25,0.0
1995-01-14,9,12,20,32,39,45,31,0.0
1995-01-07,5,10,12,18,21,26,3,0.0
1994-12-31,15,16,19,31,40,44,41,0.0
1994-12-24,5,12,17,22,23,42,15,0.0
1994-12-17,3,6,19,21,22,41,27,0.0
1994-12-10,3,17,19,31,33,43,8,0.0
1994-12-03,11,16,21,27,28,32,41,0.0
1994-11-26,2,14,26,30,32,33,20,0.0
1994-11-19,2,13,23,27,38,45,12,0.0
1994-11-12,5,13,16,32,38,43,17,0.0
1994-11-05,3,8,10,13,18,40,16,0.0
1994-10-29,3,6,7,13,14,32,18,0.0
1994-10-22,3,13,29,30,33,42,11,0.0
1994-10-15,9,14,24,30,38,42,15,0.0
1994-10-08,7,10,18,23,29,31,24,0.0
1994-10-01,2,3,13,16,34,37,20,0.0
1994-09-24,1,3,5,12,14,30,36,0.0
1994-09-17,9,10,14,18,34,45,3,0.0
1994-09-10,5,14,22,26,27,28,1,0.0
1994-09-03,7,14,15,25,30,43,42,0.0
1994-08-27,8,10,11,12,37,42,33,0.0
1994-08-20,3,9,11,17,26,45,24,0.0
1994-08-13,8,13,23,32,37,41,14,0.0
1994-08-06,12,15,18,22,31,44,11,0.0
1994-07-30,1,2,18,23,26,41,16,0.0
1994-07-23,6,14,18,21,25,34,16,0.0
1994-07-16,2,7,24,32,35,44,8,0.0
1994-07-09,7,12,13,20,21,25,16,0.0
1994-07-02,8,10,32,33,35,38,24,0.0
1994-06-25,16,26,34,36,39,42,22,0.0
1994-06-18,12,22,26,27,34,44,28,0.0
1994-06-11,18,20,24,27,29,34,31,0.0
1994-06-04,4,13,14,15,16,39,20,0.0
1994-05-28,3,9,17,19,33,37,18,0.0
1994-05-21,13,26,27,33,37,44,23,0.0
1994-05-14,3,5,7,12,13,36,43,0.0
1994-05-07,6,11,23,26,37,41,30,0.0
1994-04-30,11,14,24,25,38,45,22,0.0
1994-04-23,1,4,14,35,41,45,39,0.0
1994-04-16,5,12,22,27,28,40,2,0.0
1994-04-09,3,4,17,31,36,41,29,0.0
1994-04-02,3,4,5,24,28,29,6,0.0
1994-03-26,11,19,36,38,40,44,28,0.0
1994-03-19,10,12,13,22,28,39,33,0.0
1994-03-12,2,6,19,21,30,39,31,0.0
1994-03-05,2,13,14,15,17,43,5,0.0
1994-02-26,4,9,32,33,34,45,23,0.0
1994-02-19,17,19,28,40,43,44,11,0.0
1994-02-12,6,11,19,21,27,36,7,0.0
1994-02-05,6,18,19,20,21,39,42,0.0
1994-01-22,1,2,22,30,31,34,35,0.0
1994-01-15,9,17,23,26,31,39,5,0.0
1994-01-09,10,14,15,23,25,31,26,0.0
1994-01-08,13,23,33,35,43,44,30,0.0
1994-01-01,5,16,23,31,35,37,11,0.0
1993-12-25,2,14,26,28,35,40,4,0.0
1993-12-18,4,8,15,22,33,35,16,0.0
1993-12-11,5,25,26,27,40,44,15,0.0
1993-12-04,1,15,19,37,40,44,23,0.0
1993-11-27,10,16,20,32,38,42,31,0.0
1993-11-20,7,19,29,30,36,41,28,0.0
1993-11-13,18,19,31,36,41,45,28,0.0
1993-11-06,1,9,15,24,34,41,3,0.0
1993-10-30,4,6,10,36,37,39,30,0.0
1993-10-23,1,25,26,36,40,44,11,0.0
1993-10-16,3,7,18,21,22,31,12,0.0
1993-10-09,2,18,29,36,40,42,16,0.0
1993-10-02,3,20,27,28,31,37,43,0.0
1993-09-25,19,20,22,29,30,36,24,0.0
1993-09-18,1,5,8,24,39,45,20,0.0
1993-09-11,7,21,26,31,43,44,13,0.0
1993-09-04,5,9,19,25,32,34,40,0.0
1993-08-28,6,10,27,37,42,45,30,0.0
1993-08-21,4,6,23,24,29,43,25,0.0
1993-08-14,6,7,10,12,16,37,43,0.0
1993-08-07,13,17,23,31,32,37,21,0.0
1993-07-31,3,4,6,27,38,45,22,0.0
1993-07-24,2,6,14,15,35,42,39,0.0
1993-07-17,11,19,20,35,41,44,17,0.0
1993-07-10,9,18,19,35,43,44,11,0.0
1993-07-03,9,20,23,26,34,35,38,0.0
1993-06-26,2,3,7,9,37,41,36,0.0
1993-06-19,8,12,20,21,23,24,31,0.0
1993-06-12,10,20,28,37,38,43,7,0.0
1993-06-05,4,7,14,16,18,35,3,0.0
1993-05-29,16,24,25,37,39,41,17,0.0
1993-05-22,2,3,10,23,25,31,29,0.0
1993-05-15,4,14,17,24,32,40,38,0.0
1993-05-08,17,20,22,33,37,43,15,0.0
1993-05-01,4,11,17,25,38,43,20,0.0
1993-04-24,10,18,30,32,38,45,12,0.0
1993-04-17,1,15,19,30,33,45,44,0.0
1993-04-10,11,14,15,25,26,29,10,0.0
1993-04-03,12,16,23,31,36,45,28,0.0
1993-03-27,6,15,22,34,35,43,26,0.0
1993-03-20,3,10,15,17,22,31,27,0.0
1993-03-13,3,13,15,19,24,29,38,0.0
1993-03-06,2,8,29,34,39,42,31,0.0
1993-02-27,20,22,31,41,44,45,24,0.0
1993-02-20,2,10,18,30,41,45,14,0.0
1993-02-13,15,18,24,26,32,44,27,0.0
1993-02-06,4,9,12,21,30,36,16,0.0
1993-01-30,2,14,25,30,34,37,31,0.0
1993-01-23,14,20,24,26,28,30,27,0.0
1993-01-16,2,9,10,12,15,43,23,0.0
1993-01-09,11,15,16,20,33,37,30,0.0
1993-01-02,11,22,34,39,42,45,5,0.0
1992-12-26,1,7,12,25,39,43,20,0.0
1992-12-19,1,13,32,33,42,44,39,0.0
1992-12-12,7,18,19,23,24,29,5,0.0
1992-12-05,9,16,27,30,35,36,28,0.0
1992-11-28,4,10,13,20,28,29,25,0.0
1992-11-21,15,26,32,35,36,41,18,0.0
1992-11-14,2,6,21,39,44,45,19,0.0
1992-11-07,6,20,22,24,26,33,1,0.0
1992-10-31,8,9,13,17,20,30,34,0.0
1992-10-24,3,22,28,35,43,44,25,0.0
1992-10-17,4,9,11,24,30,34,32,0.0
1992-10-10,12,16,19,22,23,40,11,0.0
1992-10-03,4,10,16,22,39,40,33,0.0
1992-09-26,2,11,17,28,34,45,6,0.0
1992-09-19,4,5,8,19,43,45,3,0.0
1992-09-12,5,23,27,32,44,45,34,0.0
1992-09-05,4,16,24,31,33,34,26,0.0
1992-08-29,13,17,19,28,32,38,39,0.0
1992-08-22,14,15,17,30,31,40,22,0.0
1992-08-15,6,14,24,28,30,31,8,0.0
1992-08-08,1,18,19,28,30,35,16,0.0
1992-08-01,4,10,17,25,35,37,44,0.0
1992-07-25,6,10,11,19,23,38,4,0.0
1992-07-18,7,10,11,33,40,43,42,0.0
1992-07-11,2,7,9,10,27,34,26,0.0
1992-07-04,8,9,17,20,33,40,23,0.0
1992-06-27,3,13,25,30,31,34,42,0.0
1992-06-20,4,18,21,23,24,31,41,0.0
1992-06-13,8,9,10,14,33,40,41,0.0
1992-06-06,8,17,20,31,32,42,14,0.0
1992-05-30,1,7,13,16,18,34,33,0.0
1992-05-23,9,11,18,29,39,43,20,0.0
1992-05-16,1,15,21,23,33,34,16,0.0
1992-05-09,16,21,31,37,38,41,1,0.0
1992-05-02,21,30,31,33,39,44,6,0.0
1992-04-25,12,13,16,21,38,41,19,0.0
1992-04-18,6,13,25,26,38,44,45,0.0
1992-04-11,2,8,14,22,35,36,44,0.0
1992-04-04,5,11,14,22,27,37,16,0.0
1992-03-28,5,7,9,23,27,28,26,0.0
1992-03-21,11,15,23,24,31,36,30,0.0
1992-03-14,1,2,19,35,37,40,6,0.0
1992-03-07,9,13,28,31,32,39,35,0.0
1992-02-29,1,15,31,41,43,44,2,0.0
1992-02-22,2,9,18,26,33,38,16,0.0
1992-02-15,5,8,11,19,20,34,2,0.0
1992-02-08,7,24,25,26,27,30,10,0.0
1992-02-01,4,12,26,34,41,43,31,0.0
1992-01-25,4,6,10,13,30,33,25,0.0
1992-01-18,5,17,28,30,34,38,15,0.0
1992-01-11,1,20,23,26,32,37,27,0.0
1992-01-04,6,15,22,27,32,34,31,0.0
1991-12-28,2,4,17,22,32,38,11,0.0
1991-12-21,10,11,12,19,22,39,31,0.0
1991-12-14,3,6,7,13,20,35,21,0.0
1991-12-07,1,5,8,9,15,22,17,0.0
1991-11-30,10,14,16,26,34,37,27,0.0
1991-11-23,2,8,16,17,19,20,38,0.0
1991-11-16,2,12,20,30,31,32,11,0.0
1991-11-09,14,15,19,25,36,37,31,0.0
1991-11-02,2,3,14,23,25,39,15,0.0
1991-10-26,2,17,22,25,27,30,28,0.0
1991-10-19,7,10,14,18,22,26,4,0.0
1991-10-12,3,16,19,23,29,30,17,0.0
1991-10-05,2,9,12,17,21,27,24,0.0
1991-09-28,3,8,14,22,29,33,2,0.0
1991-09-21,4,12,17,19,32,33,8,0.0
1991-09-14,5,19,22,27,35,36,34,0.0
1991-09-07,2,8,9,25,28,37,36,0.0
1991-08-31,7,15,16,19,29,32,28,0.0
1991-08-24,9,21,25,32,33,34,12,0.0
1991-08-17,3,9,11,14,26,36,24,0.0
1991-08-10,12,23,29,34,37,39,14,0.0
1991-08-03,1,9,11,25,29,39,19,0.0
1991-07-27,3,7,8,19,33,35,31,0.0
1991-07-20,9,10,19,26,27,33,21,0.0
1991-07-13,16,21,26,27,34,39,31,0.0
1991-07-06,1,3,17,19,22,38,2,0.0
1991-06-29,16,19,29,33,35,39,30,0.0
1991-06-22,3,4,12,15,28,31,22,0.0
1991-06-15,9,17,23,28,35,39,25,0.0
1991-06-08,8,23,31,33,36,39,4,0.0
1991-06-01,8,20,29,31,32,34,21,0.0
1991-05-25,1,8,11,30,31,37,18,0.0
1991-05-18,9,14,16,34,36,37,6,0.0
1991-05-11,15,18,19,24,36,38,1,0.0
1991-05-04,5,19,20,21,32,39,9,0.0
1991-04-27,11,13,36,37,38,39,4,0.0
1991-04-20,3,7,17,19,20,27,25,0.0
1991-04-13,2,6,7,11,28,33,38,0.0
1991-04-06,2,8,12,14,24,30,31,0.0
1991-03-30,3,4,6,17,27,28,2,0.0
1991-03-23,3,6,12,26,31,37,29,0.0
1991-03-16,7,10,11,14,24,37,13,0.0
1991-03-09,1,9,14,15,22,31,36,0.0
1991-03-02,2,20,26,31,33,39,15,0.0
1991-02-23,1,2,14,15,25,28,16,0.0
1991-02-16,1,22,27,29,33,38,25,0.0
1991-02-09,5,8,16,19,25,29,14,0.0
1991-02-02,4,8,24,27,32,38,9,0.0
1991-01-26,12,15,17,19,23,35,5,0.0
1991-01-19,1,7,9,26,32,37,38,0.0
1991-01-12,8,16,20,23,29,31,26,0.0
1991-01-05,2,3,13,15,29,34,35,0.0
1990-12-29,5,6,16,24,35,36,32,0.0
1990-12-22,8,11,17,28,30,34,4,0.0
1990-12-15,8,10,11,12,14,31,16,0.0
1990-12-08,11,14,17,19,29,33,4,0.0
1990-12-01,8,12,27,28,31,37,21,0.0
1990-11-24,3,12,22,30,35,36,19,0.0
1990-11-17,12,14,19,28,29,35,38,0.0
1990-11-10,1,18,26,31,34,36,35,0.0
1990-11-03,4,6,12,29,31,32,28,0.0
1990-10-27,3,13,20,22,27,29,10,0.0
1990-10-20,8,19,20,26,27,34,35,0.0
1990-10-13,14,17,20,24,34,36,5,0.0
1990-10-06,4,12,15,16,20,36,29,0.0
1990-09-29,12,23,25,28,29,34,22,0.0
1990-09-22,10,17,18,23,37,38,5,0.0
1990-09-15,8,16,20,26,27,28,34,0.0
1990-09-08,10,12,15,26,30,38,37,0.0
1990-09-01,1,4,15,19,31,39,10,0.0
1990-08-25,23,26,31,32,36,39,4,0.0
1990-08-18,8,15,22,23,25,38,34,0.0
1990-08-11,2,3,7,13,19,22,17,0.0
1990-08-04,14,19,22,24,30,32,31,0.0
1990-07-28,9,11,16,27,34,35,8,0.0
1990-07-21,3,5,9,19,23,32,33,0.0
1990-07-14,2,19,22,24,33,37,32,0.0
1990-07-07,11,12,21,23,29,32,14,0.0
1990-06-30,12,14,20,21,37,39,8,0.0
1990-06-23,1,8,13,14,31,37,30,0.0
1990-06-16,10,11,15,21,22,30,20,0.0
1990-06-09,6,11,18,22,28,29,24,0.0
1990-06-02,4,22,25,27,31,36,33,0.0
1990-05-26,7,14,21,33,35,38,27,0.0
1990-05-19,1,14,16,18,20,32,25,0.0
1990-05-12,5,10,15,18,19,39,37,0.0
1990-05-05,2,8,11,12,23,38,22,0.0
1990-04-28,1,13,15,20,24,31,5,0.0
1990-04-21,1,7,18,18,21,32,29,0.0
1990-04-14,4,14,28,30,34,35,23,0.0
1990-04-07,2,5,12,26,27,31,18,0.0
1990-03-31,13,17,18,30,32,37,35,0.0
1990-03-24,1,13,15,27,31,35,18,0.0
1990-03-17,10,13,15,16,19,33,17,0.0
1990-03-10,7,8,14,17,24,37,25,0.0
1990-03-03,12,14,16,18,21,30,13,0.0
1990-02-24,10,12,14,16,21,32,31,0.0
1990-02-17,10,13,14,18,21,22,31,0.0
1990-02-10,2,5,18,22,25,26,19,0.0
1990-02-03,2,4,14,17,20,31,30,0.0
1990-01-27,1,12,15,20,30,33,6,0.0
1990-01-20,4,5,9,18,32,37,25,0.0
1990-01-13,16,21,29,32,33,39,7,0.0
1990-01-06,8,15,24,29,33,39,11,0.0
1989-12-30,1,25,27,28,29,38,12,0.0
1989-12-23,1,9,18,19,31,32,37,0.0
1989-12-16,8,11,21,24,30,35,3,0.0
1989-12-09,4,6,15,26,35,38,16,0.0
1989-12-02,7,10,13,26,29,38,16,0.0
1989-11-25,11,12,15,21,25,26,29,0.0
1989-11-18,6,15,27,32,35,36,14,0.0
1989-11-11,9,25,26,28,30,35,36,0.0
1989-11-04,9,19,27,33,34,36,32,0.0
1989-10-28,4,7,11,21,28,37,29,0.0
1989-10-21,10,16,19,22,29,30,18,0.0
1989-10-14,5,12,18,25,27,36,15,0.0
1989-10-07,1,5,19,25,29,30,18,0.0
1989-09-30,7,21,22,26,30,34,13,0.0
1989-09-23,4,10,14,16,22,37,9,0.0
1989-09-16,2,4,7,18,32,34,5,0.0
1989-09-09,3,10,12,17,23,39,20,0.0
1989-09-02,2,4,6,14,17,39,12,0.0
1989-08-26,3,15,20,23,27,31,39,0.0
1989-08-19,2,6,20,27,31,39,16,0.0
1989-08-12,8,20,22,23,28,37,35,0.0
1989-08-05,1,13,14,15,22,32,30,0.0
1989-07-29,2,6,8,17,23,24,22,0.0
1989-07-22,15,30,32,34,35,38,25,0.0
1989-07-15,2,4,7,21,23,29,1,0.0
1989-07-08,21,22,28,31,32,33,18,0.0
1989-07-01,2,13,23,29,32,35,22,0.0
1989-06-24,9,11,19,32,34,36,25,0.0
1989-06-17,15,17,19,21,28,31,10,0.0
1989-06-10,13,20,26,29,31,33,18,0.0
1989-06-03,4,9,12,25,33,34,2,0.0
1989-05-27,1,6,7,16,20,36,39,0.0
1989-05-20,1,11,15,17,36,38,12,0.0
1989-05-13,21,26,29,32,34,39,15,0.0
1989-05-06,3,5,6,11,22,26,17,0.0
1989-04-29,1,2,12,24,26,32,16,0.0
1989-04-22,6,24,26,33,35,37,31,0.0
1989-04-15,3,5,20,22,37,38,10,0.0
1989-04-08,10,14,15,27,34,39,2,0.0
1989-04-01,6,11,13,18,34,36,17,0.0
1989-03-25,3,19,26,28,31,37,25,0.0
1989-03-18,19,27,28,31,34,39,8,0.0
1989-03-11,10,12,18,21,33,35,7,0.0
1989-03-04,2,5,11,17,23,36,9,0.0
1989-02-25,8,17,20,23,29,34,36,0.0
1989-02-18,5,21,23,26,29,38,31,0.0
1989-02-11,6,12,14,18,35,38,8,0.0
1989-02-04,12,13,14,25,32,38,28,0.0
1989-01-28,7,8,11,17,26,28,10,0.0
1989-01-21,20,22,26,28,29,35,11,0.0
1989-01-14,2,3,23,32,37,39,28,0.0
1989-01-07,1,8,9,19,32,38,3,0.0
1988-12-31,2,18,19,28,32,36,26,0.0
1988-12-24,10,13,15,16,21,36,25,0.0
1988-12-17,2,4,14,25,28,30,18,0.0
1988-12-10,11,15,23,27,30,36,9,0.0
1988-12-03,4,5,21,27,36,38,19,0.0
1988-11-26,2,7,12,14,21,29,27,0.0
1988-11-19,7,12,15,18,23,24,19,0.0
1988-11-12,4,10,12,15,27,37,13,0.0
1988-11-05,4,5,6,18,20,21,8,0.0
1988-10-29,12,17,19,22,27,36,7,0.0
1988-10-22,7,20,26,34,38,39,4,0.0
1988-10-15,2,3,18,20,28,33,7,0.0
1988-10-08,2,7,9,13,25,28,30,0.0
1988-10-01,1,2,11,22,31,36,16,0.0
1988-09-24,5,11,13,14,21,27,3,0.0
1988-09-17,3,6,21,22,26,31,15,0.0
1988-09-10,4,14,24,30,31,35,3,0.0
1988-09-03,2,3,25,29,36,39,9,0.0
1988-08-27,10,18,20,24,32,34,4,0.0
1988-08-20,9,19,27,29,37,39,2,0.0
1988-08-13,3,7,16,21,36,38,25,0.0
1988-08-06,7,9,10,11,12,17,1,0.0
1988-07-30,4,6,12,14,37,39,34,0.0
1988-07-23,13,14,19,21,27,36,38,0.0
1988-07-16,3,23,25,27,34,35,30,0.0
1988-07-09,4,17,26,31,37,39,33,0.0
1988-07-02,3,15,16,22,31,36,26,0.0
1988-06-25,9,12,25,27,31,38,16,0.0
1988-06-18,5,8,19,22,29,39,25,0.0
1988-06-11,2,3,4,16,29,32,28,0.0
1988-06-04,9,20,26,37,38,39,8,0.0
1988-05-28,4,13,17,23,24,36,35,0.0
1988-05-21,19,23,25,26,29,32,16,0.0
1988-05-14,3,6,15,17,20,31,23,0.0
1988-05-07,4,6,9,14,24,35,11,0.0
1988-04-30,4,8,9,20,30,33,21,0.0
1988-04-23,2,4,12,23,24,30,35,0.0
1988-04-16,12,15,19,20,23,36,16,0.0
1988-04-09,3,5,11,17,24,28,10,0.0
1988-04-02,8,15,23,25,31,37,3,0.0
1988-03-26,2,8,17,18,28,29,3,0.0
1988-03-19,11,18,19,21,22,35,8,0.0
1988-03-12,4,7,8,10,28,29,32,0.0
1988-03-05,21,24,27,29,33,35,12,0.0
1988-02-27,4,10,11,21,24,36,33,0.0
1988-02-20,1,5,8,17,31,39,18,0.0
1988-02-13,6,11,17,23,28,34,33,0.0
1988-02-06,6,20,21,27,28,36,3,0.0
1988-01-30,4,5,11,28,37,38,13,0.0
1988-01-23,3,13,16,26,35,38,22,0.0
1988-01-16,3,6,10,16,29,35,9,0.0
1988-01-09,8,17,22,26,28,36,1,0.0
1988-01-02,1,7,8,19,20,21,16,0.0
1987-12-26,11,14,25,28,33,38,30,0.0
1987-12-19,3,7,13,16,24,28,36,0.0
1987-12-12,5,13,21,25,35,39,34,0.0
1987-12-05,6,20,27,28,33,36,30,0.0
1987-11-28,3,4,5,10,18,31,16,0.0
1987-11-21,7,10,17,24,27,34,3,0.0
1987-11-14,4,10,11,14,19,36,28,0.0
1987-11-07,2,22,26,28,30,33,20,0.0
1987-10-31,10,21,24,30,33,35,5,0.0
1987-10-24,6,14,25,27,31,35,15,0.0
1987-10-17,1,16,23,24,27,32,36,0.0
1987-10-10,8,14,23,24,25,38,5,0.0
1987-10-03,2,3,5,12,32,35,29,0.0
1987-09-26,4,11,19,23,24,33,22,0.0
1987-09-19,4,5,13,20,31,37,24,0.0
1987-09-12,11,16,22,25,26,31,15,0.0
1987-09-05,2,4,10,29,32,39,15,0.0
1987-08-29,3,10,13,33,34,36,5,0.0
1987-08-22,6,15,17,27,31,35,26,0.0
1987-08-15,6,8,13,19,23,31,33,0.0
1987-08-08,5,9,10,13,18,21,24,0.0
1987-08-01,8,9,23,31,32,35,22,0.0
1987-07-25,18,21,22,27,30,34,4,0.0
1987-07-18,3,10,12,18,23,25,21,0.0
1987-07-11,3,9,14,15,21,37,28,0.0
1987-07-04,6,12,14,18,23,26,16,0.0
1987-06-27,9,11,14,23,25,39,5,0.0
1987-06-20,3,4,8,19,25,31,20,0.0
1987-06-13,1,5,9,15,18,22,29,0.0
1987-06-06,12,13,14,20,22,38,25,0.0
1987-05-30,1,12,24,30,36,39,4,0.0
1987-05-23,2,4,13,16,23,34,10,0.0
1987-05-16,22,23,24,29,33,37,10,0.0
1987-05-09,2,8,11,16,31,39,21,0.0
1987-05-02,4,22,25,30,34,37,10,0.0
1987-04-25,4,10,19,21,31,34,27,0.0
1987-04-18,6,9,14,20,34,37,26,0.0
1987-04-11,4,15,18,26,35,36,20,0.0
1987-04-04,1,6,12,16,18,31,33,0.0
1987-03-28,11,13,16,26,27,28,35,0.0
1987-03-21,3,5,20,22,33,37,23,0.0
1987-03-14,2,4,16,24,26,38,17,0.0
1987-03-07,18,21,29,37,38,39,33,0.0
1987-02-28,2,23,24,30,36,39,22,0.0
1987-02-21,2,3,7,18,19,38,12,0.0
1987-02-14,15,17,18,24,30,32,39,0.0
1987-02-07,2,8,14,17,27,34,7,0.0
1987-01-31,15,18,19,30,34,35,13,0.0
1987-01-24,16,19,22,26,32,33,1,0.0
1987-01-17,1,6,7,12,29,39,30,0.0
1987-01-10,4,10,11,25,29,30,15,0.0
1987-01-03,1,18,19,20,24,33,16,0.0
1986-12-27,7,8,10,12,14,37,28,0.0
1986-12-20,8,13,22,23,28,32,38,0.0
1986-12-13,2,6,11,12,13,21,39,0.0
1986-12-06,6,19,25,29,33,35,16,0.0
1986-11-29,1,3,9,14,19,24,11,0.0
1986-11-22,2,3,18,23,25,26,31,0.0
1986-11-15,2,9,11,15,35,38,13,0.0
1986-11-08,1,6,27,32,33,34,21,0.0
1986-11-01,10,13,19,26,35,39,6,0.0
1986-10-25,6,14,15,16,20,22,11,0.0
1986-10-18,2,22,25,26,30,38,18,0.0
1986-10-11,1,16,20,32,37,38,24,0.0
1986-10-04,1,18,25,34,36,38,7,0.0
1986-09-27,3,4,9,10,16,18,38,0.0
1986-09-20,5,13,19,24,26,31,8,0.0
1986-09-13,7,8,11,17,20,36,32,0.0
1986-09-06,2,6,10,20,21,22,17,0.0
1986-08-30,6,19,20,23,29,37,16,0.0
1986-08-23,1,6,13,16,22,28,33,0.0
1986-08-16,6,9,21,24,26,38,5,0.0
1986-08-09,3,20,24,36,37,39,5,0.0
1986-08-02,2,9,17,29,33,35,25,0.0
1986-07-26,5,7,8,12,24,34,9,0.0
1986-07-19,7,9,13,14,15,39,1,0.0
1986-07-12,10,11,19,20,30,35,37,0.0
1986-07-05,2,3,14,25,30,31,33,0.0
1986-06-28,3,5,20,27,28,35,17,0.0
1986-06-21,3,6,17,23,25,37,35,0.0
1986-06-14,3,15,16,30,31,38,28,0.0
1986-06-07,6,24,28,30,32,36,19,0.0
1986-05-31,13,12,24,28,28,32,10,0.0
1986-05-24,3,5,10,19,22,37,4,0.0
1986-05-17,1,4,10,13,19,39,2,0.0
1986-05-10,4,7,30,35,36,37,13,0.0
1986-05-03,11,12,13,19,21,25,20,0.0
1986-04-26,5,6,9,16,24,35,34,0.0
1986-04-19,5,14,18,20,23,38,24,0.0
1986-04-12,1,2,11,19,21,29,15,0.0
1986-04-05,1,9,12,15,24,27,25,0.0
1986-03-29,3,4,14,15,36,37,35,0.0
1986-03-22,1,18,22,28,33,34,26,0.0
1986-03-15,2,6,12,30,31,36,20,0.0
1986-03-08,3,11,16,17,25,39,14,0.0
1986-03-01,11,12,22,31,32,33,19,0.0
1986-02-22,2,11,13,15,18,19,25,0.0
1986-02-15,14,16,20,22,25,38,26,0.0
1986-02-08,11,14,28,29,33,37,31,0.0
1986-02-01,1,2,4,9,33,37,6,0.0
1986-01-25,1,5,7,19,20,38,15,0.0
1986-01-18,9,11,12,15,30,31,6,0.0
1986-01-11,2,13,16,17,19,34,10,0.0
1986-01-04,11,16,24,26,35,39,5,0.0
1985-12-28,8,12,14,16,23,24,10,0.0
1985-12-21,1,11,17,27,32,34,19,0.0
1985-12-14,3,8,21,30,32,35,1,0.0
1985-12-07,8,17,35,36,37,39,32,0.0
1985-11-30,8,9,13,18,28,35,15,0.0
1985-11-23,5,13,16,20,22,24,29,0.0
1985-11-16,6,9,28,29,30,39,12,0.0
1985-11-09,5,15,16,27,29,36,25,0.0
1985-11-02,2,7,8,12,14,25,37,0.0
1985-10-26,2,10,27,29,30,32,20,0.0
1985-10-19,8,15,19,28,30,39,33,0.0
1985-10-12,21,22,30,32,35,36,9,0.0
1985-10-05,10,16,18,19,21,25,34,0.0
1985-09-28,17,21,23,27,28,37,7,0.0
1985-09-21,3,19,25,27,34,36,30,0.0
1985-09-14,15,16,18,19,31,35,24,0.0
1985-09-07,1,4,11,14,15,33,30,0.0
1985-08-31,13,18,27,35,36,37,8,0.0
1985-08-24,2,14,18,26,30,38,36,0.0
1985-08-17,2,11,19,27,29,31,5,0.0
1985-08-10,20,21,27,29,34,39,2,0.0
1985-08-03,1,3,20,22,25,35,17,0.0
1985-07-27,11,18,28,29,34,36,12,0.0
1985-07-20,2,9,11,17,18,30,16,0.0
1985-07-13,5,20,22,28,31,38,1,0.0
1985-07-06,11,15,22,24,27,38,32,0.0
1985-06-29,4,6,17,21,25,27,15,0.0
1985-06-22,2,15,19,23,35,36,17,0.0
1985-06-15,8,9,18,30,31,32,19,0.0
1985-06-08,3,12,17,28,30,32,14,0.0
1985-06-01,3,12,14,19,27,35,24,0.0
1985-05-25,1,2,3,21,23,26,36,0.0
1985-05-18,8,19,21,26,27,30,35,0.0
1985-05-11,8,11,16,18,21,36,12,0.0
1985-05-04,4,6,15,23,29,37,2,0.0
1985-04-27,2,10,13,15,21,28,25,0.0
1985-04-20,2,17,18,20,24,29,7,0.0
1985-04-13,2,9,13,19,25,35,14,0.0
1985-04-06,5,13,14,30,34,37,19,0.0
1985-03-30,1,7,10,15,23,39,18,0.0
1985-03-23,13,17,20,24,25,34,26,0.0
1985-03-16,2,6,13,18,19,29,7,0.0
1985-03-09,2,4,15,18,23,32,10,0.0
1985-03-02,3,13,18,22,29,36,32,0.0
1985-02-23,10,12,14,20,21,32,19,0.0
1985-02-16,6,8,11,16,32,33,10,0.0
1985-02-09,6,7,13,14,33,35,8,0.0
1985-02-02,10,15,16,24,26,29,25,0.0
1985-01-26,1,5,7,13,14,37,38,0.0
1985-01-19,4,9,26,27,35,38,14,0.0
1985-01-12,6,12,19,25,29,38,34,0.0
1985-01-05,7,15,16,17,27,33,21,0.0
1984-12-29,8,20,27,30,34,39,19,0.0
1984-12-22,3,5,16,25,26,36,18,0.0
1984-12-15,4,23,26,34,36,37,33,0.0
1984-12-08,2,4,11,23,25,27,17,0.0
1984-12-01,1,8,10,19,30,38,9,0.0
1984-11-24,1,3,11,21,33,34,8,0.0
1984-11-17,6,12,23,31,32,36,16,0.0
1984-11-10,11,22,27,33,36,37,39,0.0
1984-11-03,11,15,26,28,31,36,23,0.0
1984-10-27,12,24,25,30,33,35,21,0.0
1984-10-20,3,8,10,21,30,37,20,0.0
1984-10-13,1,27,32,35,37,39,17,0.0
1984-10-06,5,8,10,11,16,19,39,0.0
1984-09-29,4,11,14,20,24,33,39,0.0
1984-09-22,5,6,21,22,29,34,36,0.0
1984-09-15,3,6,10,21,32,33,28,0.0
1984-09-08,1,7,12,25,34,39,6,0.0
1984-09-01,4,9,10,24,26,38,14,0.0
1984-08-25,7,11,16,27,30,31,21,0.0
1984-08-18,5,7,8,13,17,25,6,0.0
1984-08-11,3,6,7,10,32,36,22,0.0
1984-08-04,1,3,10,18,28,34,26,0.0
1984-07-28,1,2,7,11,12,34,36,0.0
1984-07-21,12,19,27,28,30,31,38,0.0
1984-07-14,13,18,21,29,32,35,2,0.0
1984-07-07,5,12,22,30,34,39,33,0.0
1984-06-30,3,15,30,31,32,38,21,0.0
1984-06-23,2,11,12,13,29,30,20,0.0
1984-06-16,2,4,29,31,33,36,32,0.0
1984-06-09,5,7,16,31,35,37,3,0.0
1984-06-02,3,10,16,23,24,30,26,0.0
1984-05-26,14,18,24,27,33,34,11,0.0
1984-05-19,7,11,18,20,24,33,13,0.0
1984-05-12,1,7,18,21,35,38,25,0.0
1984-05-05,1,10,12,15,19,32,39,0.0
1984-04-28,5,10,12,13,28,34,37,0.0
1984-04-21,3,5,22,30,32,35,34,0.0
1984-04-14,3,8,14,26,34,36,10,0.0
1984-04-07,1,9,25,27,33,34,8,0.0
1984-03-31,10,15,23,24,35,38,1,0.0
1984-03-24,2,12,17,26,30,39,9,0.0
1984-03-17,9,11,12,16,18,34,24,0.0
1984-03-10,12,13,15,17,18,38,20,0.0
1984-03-03,10,14,16,28,35,36,11,0.0
1984-02-25,7,12,24,28,33,37,27,0.0
1984-02-18,8,15,18,26,37,38,36,0.0
1984-02-11,1,7,9,21,22,23,19,0.0
1984-02-04,1,8,19,21,33,39,35,0.0
1984-01-28,3,5,12,19,29,35,28,0.0
1984-01-21,3,9,19,22,29,37,27,0.0
1984-01-14,9,12,15,17,22,23,7,0.0
1984-01-07,9,20,21,25,30,38,5,0.0
1983-12-31,9,17,23,30,34,36,7,0.0
1983-12-24,1,2,13,15,37,39,3,0.0
1983-12-17,1,7,14,17,18,19,34,0.0
1983-12-10,1,8,9,12,16,30,39,0.0
1983-12-03,3,5,16,22,34,36,35,0.0
1983-11-26,6,12,19,26,34,37,1,0.0
1983-11-19,18,22,23,28,37,38,10,0.0
1983-11-12,5,11,12,13,18,22,34,0.0
1983-11-05,11,13,18,27,30,35,1,0.0
1983-10-29,6,16,18,26,35,37,36,0.0
1983-10-22,11,17,22,26,33,35,7,0.0
1983-10-15,10,13,34,35,37,39,14,0.0
1983-10-08,15,18,21,23,24,38,35,0.0
1983-10-01,5,13,28,29,30,35,4,0.0
1983-09-24,5,6,18,19,28,32,20,0.0
1983-09-17,1,15,23,28,32,37,4,0.0
1983-09-10,8,9,13,32,33,38,12,0.0
1983-09-03,4,11,17,22,27,34,26,0.0
1983-08-27,8,12,17,18,19,30,3,0.0
1983-08-20,8,14,21,24,34,38,19,0.0
1983-08-13,1,14,18,25,26,28,35,0.0
1983-08-06,7,14,19,24,26,39,25,0.0
1983-07-30,8,12,23,30,35,38,22,0.0
1983-07-23,3,9,15,18,25,28,13,0.0
1983-07-16,3,17,18,20,21,27,29,0.0
1983-07-09,11,16,26,33,37,38,35,0.0
1983-07-02,3,11,12,14,18,35,32,0.0
1983-06-25,1,4,14,20,26,38,22,0.0
1983-06-18,8,22,27,29,35,36,30,0.0
1983-06-11,1,6,8,26,32,33,19,0.0
1983-06-04,11,16,22,28,31,39,3,0.0
1983-05-28,9,14,18,28,30,37,3,0.0
1983-05-21,9,10,16,18,20,35,11,0.0
1983-05-14,5,9,17,22,30,32,25,0.0
1983-05-07,6,9,11,13,16,28,39,0.0
1983-04-30,3,5,6,23,36,38,13,0.0
1983-04-23,3,5,13,26,28,31,12,0.0
1983-04-16,4,17,20,26,33,38,10,0.0
1983-04-09,2,3,6,20,22,33,15,0.0
1983-04-02,16,21,26,28,31,33,7,0.0
1983-03-26,16,17,21,29,32,39,4,0.0
1983-03-19,3,4,19,26,30,35,11,0.0
1983-03-12,2,14,17,27,30,35,21,0.0
1983-03-05,3,11,20,21,28,35,27,0.0
1983-02-26,2,3,7,10,19,33,38,0.0
1983-02-19,2,5,8,11,20,30,13,0.0
1983-02-12,6,11,16,19,26,28,15,0.0
1983-02-05,11,22,23,26,27,30,35,0.0
1983-01-29,2,5,7,16,17,22,26,0.0
1983-01-22,1,5,7,11,12,35,37,0.0
1983-01-15,5,6,12,28,30,33,21,0.0
1983-01-09,1,5,6,11,18,38,14,0.0
1982-12-31,7,8,10,16,24,28,35,0.0
1982-12-24,8,9,10,15,32,33,37,0.0
1982-12-18,3,6,16,17,28,31,15,0.0
1982-12-11,2,7,21,22,32,35,24,0.0
1982-12-04,3,5,7,9,27,28,35,0.0
1982-11-27,11,16,17,28,31,32,36,0.0
1982-11-20,3,11,12,13,26,30,1,0.0
1982-11-13,1,15,22,28,32,35,6,0.0
1982-11-06,1,9,16,20,25,36,29,0.0
1982-10-30,6,9,20,26,35,36,7,0.0
1982-10-23,9,12,15,17,28,34,31,0.0
1982-10-16,4,7,9,23,24,35,11,0.0
1982-10-09,3,18,21,25,30,31,29,0.0
1982-10-02,1,4,21,28,32,35,3,0.0
1982-09-25,2,10,19,24,32,35,34,0.0
1982-09-18,1,4,18,24,30,31,33,0.0
1982-09-11,24,26,27,30,32,39,34,0.0
1982-09-04,3,6,8,24,27,29,38,0.0
1982-08-28,2,13,27,29,32,34,28,0.0
1982-08-21,10,17,19,26,32,33,7,0.0
1982-08-14,1,2,13,16,28,35,5,0.0
1982-08-07,3,9,10,18,19,30,5,0.0
1982-07-31,3,7,24,28,30,31,9,0.0
1982-07-24,4,6,21,27,28,32,16,0.0
1982-07-17,4,10,17,32,36,39,2,0.0
1982-07-10,4,14,18,36,37,39,26,0.0
1982-07-03,5,8,10,19,28,29,14,0.0
1982-06-26,11,15,20,28,33,39,9,0.0
1982-06-19,14,20,26,32,34,36,5,0.0
1982-06-12,5,7,25,27,36,39,8,0.0
1982-06-05,9,15,18,20,24,39,5,0.0
1982-05-29,4,7,9,17,25,38,14,0.0
1982-05-22,10,14,18,19,21,23,27,0.0
1982-05-15,14,18,24,29,36,39,10,0.0
1982-05-08,9,12,13,14,24,28,38,0.0
1982-05-01,5,13,24,26,27,33,3,0.0
1982-04-24,5,9,14,30,34,37,7,0.0
1982-04-17,1,3,12,18,26,30,32,0.0
1982-04-10,4,6,15,23,35,37,30,0.0
1982-04-03,3,5,7,9,28,31,22,0.0
1982-03-27,3,23,24,26,28,32,19,0.0
1982-03-20,9,12,14,15,21,22,10,0.0
1982-03-13,4,8,14,17,26,30,24,0.0
1982-03-06,5,6,7,13,29,31,22,0.0
1982-02-27,8,13,22,31,34,35,18,0.0
1982-02-20,14,16,20,27,29,31,4,0.0
1982-02-13,7,10,18,33,35,36,30,0.0
1982-02-06,5,15,23,30,35,37,7,0.0
1982-01-30,2,3,5,8,20,22,1,0.0
1982-01-23,6,9,10,12,24,27,39,0.0
1982-01-16,1,3,13,19,22,28,5,0.0
1982-01-09,1,7,11,20,24,36,15,0.0
1982-01-02,1,8,14,16,33,34,26,0.0
