PlayDate,No1,No2,No4,No3,No5,No6,Bonus
1997-10-01,2,5,18,10,24,39,26
1997-10-04,18,25,41,40,44,49,6
1997-10-08,2,5,23,8,38,39,27
1997-10-11,4,5,18,7,20,31,41
1997-10-15,15,16,21,19,42,43,2
1997-10-18,6,14,23,20,24,37,48
1997-10-22,3,19,33,21,40,48,37
1997-10-25,4,6,15,14,33,38,49
1997-10-29,6,15,18,16,27,34,33
1997-11-01,2,4,17,12,18,23,33
1997-11-05,9,12,31,15,33,42,19
1997-11-08,3,9,13,12,40,47,6
1997-11-12,11,24,37,32,42,46,14
1997-11-15,6,9,37,27,40,44,32
1997-11-19,7,11,32,18,38,42,1
1997-11-22,21,22,36,28,48,49,4
1997-11-26,29,35,44,39,45,49,15
1997-11-29,14,15,31,27,40,46,33
1997-12-03,5,12,29,18,32,46,30
1997-12-06,9,11,19,15,20,36,8
1997-12-10,5,9,18,13,24,39,29
1997-12-13,10,25,32,28,40,47,29
1997-12-17,4,6,11,8,13,22,47
1997-12-20,8,9,19,15,24,34,40
1997-12-24,6,18,24,19,28,47,44
1997-12-27,12,17,24,23,25,34,40
1997-12-31,3,7,16,12,20,25,29
1998-01-03,5,12,36,26,41,49,9
1998-01-07,9,22,27,24,30,32,36
1998-01-10,4,10,20,19,21,37,17
1998-01-14,4,11,25,13,37,49,24
1998-01-17,16,19,27,26,31,39,2
1998-01-21,8,20,30,23,42,43,32
1998-01-24,5,7,25,17,29,45,31
1998-01-28,12,26,29,27,34,49,1
1998-01-31,3,4,20,14,23,31,17
1998-02-04,2,11,36,33,37,46,29
1998-02-07,24,30,40,37,46,49,32
1998-02-11,11,19,36,21,41,47,3
1998-02-14,2,3,44,33,45,47,36
1998-02-18,7,26,33,29,40,42,44
1998-02-21,14,15,22,19,27,32,7
1998-02-25,7,12,23,19,39,40,14
1998-02-28,1,8,28,22,47,49,3
1998-03-04,5,6,47,20,48,49,41
1998-03-07,5,6,16,13,24,41,21
1998-03-11,1,5,41,14,45,48,40
1998-03-14,6,16,35,19,45,46,47
1998-03-18,4,16,44,42,46,47,28
1998-03-21,5,27,42,33,47,48,28
1998-03-25,11,13,33,18,35,41,45
1998-03-28,6,9,28,27,31,44,16
1998-04-01,1,4,20,9,24,44,7
1998-04-04,13,15,32,21,34,43,19
1998-04-08,4,9,39,18,40,42,3
1998-04-11,5,13,34,20,38,41,15
1998-04-15,1,23,35,29,39,41,8
1998-04-18,1,12,31,19,33,45,29
1998-04-22,1,5,28,24,39,42,48
1998-04-25,12,25,42,39,44,47,11
1998-04-29,2,18,33,31,34,48,7
1998-05-02,5,10,21,14,28,34,2
1998-05-06,5,6,13,11,18,43,2
1998-05-09,12,17,32,26,35,39,21
1998-05-13,7,23,44,28,46,48,1
1998-05-16,9,13,20,16,21,37,4
1998-05-20,10,32,44,33,45,46,36
1998-05-23,2,8,26,18,33,39,46
1998-05-27,7,12,42,32,46,47,4
1998-05-30,2,20,27,25,36,37,21
1998-06-03,24,26,42,36,46,49,14
1998-06-06,5,14,25,16,34,42,44
1998-06-10,4,5,9,7,45,48,6
1998-06-13,1,3,27,14,41,44,26
1998-06-17,2,28,35,32,46,49,13
1998-06-20,1,7,18,10,22,40,32
1998-06-24,6,9,36,12,38,45,18
1998-06-27,3,14,34,33,45,46,30
1998-07-01,1,3,36,9,39,45,43
1998-07-04,8,13,30,27,47,48,28
1998-07-08,10,13,37,36,47,49,12
1998-07-11,2,9,27,14,42,48,15
1998-07-15,7,22,33,26,40,45,44
1998-07-18,1,16,36,22,37,44,33
1998-07-22,2,3,31,26,35,39,22
1998-07-25,5,14,26,24,29,35,21
1998-07-29,5,8,36,31,45,47,29
1998-08-01,12,17,27,19,28,49,45
1998-08-05,3,11,30,12,37,46,7
1998-08-08,4,6,16,8,28,41,13
1998-08-12,4,10,16,15,31,41,18
1998-08-15,12,17,31,19,40,41,4
1998-08-19,7,21,29,22,38,41,36
1998-08-22,7,9,22,12,26,46,42
1998-08-26,17,22,28,24,42,46,43
1998-08-29,3,15,32,24,41,45,14
1998-09-02,20,22,32,24,45,46,48
1998-09-05,2,13,17,16,24,46,31
1998-09-09,2,7,19,18,28,40,47
1998-09-12,8,30,34,32,37,39,44
1998-09-16,2,7,20,12,26,42,28
1998-09-19,9,11,17,16,43,48,8
1998-09-23,8,10,26,20,27,32,39
1998-09-26,5,6,11,10,34,37,14
1998-09-30,2,18,25,24,32,49,35
1998-10-03,13,18,25,22,32,46,6
1998-10-07,4,12,24,19,27,43,17
1998-10-10,3,13,25,17,28,43,26
1998-10-14,2,10,28,27,43,47,39
1998-10-17,6,13,25,19,31,48,7
1998-10-21,7,19,32,29,40,49,34
1998-10-24,3,8,31,30,34,38,2
1998-10-28,5,6,13,12,19,29,15
1998-10-31,22,23,39,24,40,46,6
1998-11-04,5,8,31,29,33,46,25
1998-11-07,6,11,16,13,34,41,44
1998-11-11,6,20,25,24,31,39,11
1998-11-14,3,16,30,26,37,44,20
1998-11-18,14,25,42,33,44,49,24
1998-11-21,1,2,37,7,46,47,17
1998-11-25,5,7,30,10,40,48,47
1998-11-28,2,4,14,11,39,46,7
1998-12-02,4,27,41,40,42,47,12
1998-12-05,3,26,33,28,37,39,17
1998-12-09,5,9,19,11,40,49,42
1998-12-12,2,3,21,16,32,38,10
1998-12-16,2,4,8,5,33,36,49
1998-12-19,14,19,30,25,40,45,23
1998-12-23,15,21,36,32,38,45,17
1998-12-26,2,14,21,19,30,34,28
1998-12-30,16,25,32,30,35,45,36
1999-01-02,1,2,11,7,12,33,49
1999-01-06,8,17,41,33,44,47,25
1999-01-09,1,16,32,27,38,46,49
1999-01-13,9,10,29,14,33,37,24
1999-01-16,1,4,19,13,21,48,42
1999-01-20,5,20,46,42,48,49,33
1999-01-23,9,10,22,16,28,41,29
1999-01-27,12,22,31,27,40,41,37
1999-01-30,9,31,42,35,44,49,2
1999-02-03,3,14,22,20,23,24,49
1999-02-06,21,29,39,30,41,43,26
1999-02-10,11,20,37,32,39,44,36
1999-02-13,10,18,30,29,38,39,17
1999-02-17,2,4,14,11,15,19,7
1999-02-20,2,11,28,13,41,45,39
1999-02-24,11,17,29,21,30,47,18
1999-02-27,2,5,33,8,44,47,36
1999-03-03,9,17,35,26,38,44,47
1999-03-06,2,17,35,23,38,47,29
1999-03-10,5,8,17,10,24,36,25
1999-03-13,9,21,38,34,39,47,35
1999-03-17,2,5,14,8,27,47,22
1999-03-20,8,10,29,11,37,42,30
1999-03-24,6,16,22,21,33,42,4
1999-03-27,4,6,18,10,21,30,33
1999-03-31,5,11,33,21,36,41,28
1999-04-03,7,12,35,17,37,44,19
1999-04-07,6,13,29,17,34,38,7
1999-04-10,4,26,38,36,42,43,14
1999-04-14,9,10,37,27,39,41,46
1999-04-17,9,23,38,26,45,47,5
1999-04-21,13,21,28,27,41,47,14
1999-04-24,5,18,36,19,39,40,16
1999-04-28,3,11,33,30,39,43,28
1999-05-01,3,12,25,16,30,36,6
1999-05-05,6,8,16,10,24,43,4
1999-05-08,10,15,28,26,41,45,14
1999-05-12,6,15,21,18,25,42,4
1999-05-15,6,8,21,12,23,26,10
1999-05-19,2,20,27,25,30,37,23
1999-05-22,1,4,15,7,39,40,19
1999-05-26,23,24,38,30,41,48,33
1999-05-29,9,31,40,32,47,48,43
1999-06-02,6,21,32,29,36,48,2
1999-06-05,1,4,14,10,18,23,16
1999-06-09,9,12,20,18,44,49,1
1999-06-12,1,6,32,7,37,43,48
1999-06-16,4,10,18,12,27,47,24
1999-06-19,23,24,39,31,42,45,2
1999-06-23,2,28,30,29,34,45,48
1999-06-26,3,8,17,13,18,22,5
1999-06-30,6,17,39,20,46,49,11
1999-07-03,10,26,38,30,40,41,3
1999-07-07,5,12,27,14,44,47,41
1999-07-10,8,11,20,15,25,33,19
1999-07-14,9,12,32,18,40,41,38
1999-07-17,20,30,37,33,38,39,43
1999-07-21,1,25,34,28,37,43,17
1999-07-24,4,6,34,7,41,47,25
1999-07-28,10,12,14,13,16,31,20
1999-07-31,16,25,37,30,39,40,48
1999-08-04,1,4,31,24,34,45,43
1999-08-07,1,9,45,41,47,48,15
1999-08-11,1,8,33,28,36,49,20
1999-08-14,3,6,16,7,25,27,20
1999-08-18,4,11,30,26,33,42,28
1999-08-21,8,23,30,29,36,40,41
1999-08-25,3,18,37,23,43,47,34
1999-08-28,6,8,14,12,22,30,19
1999-09-01,1,9,28,25,29,42,3
1999-09-04,9,19,36,34,42,46,24
1999-09-08,9,13,23,18,36,49,35
1999-09-11,4,11,30,17,34,45,16
1999-09-15,16,20,31,29,32,41,10
1999-09-18,4,15,37,33,38,45,1
1999-09-22,9,12,20,16,39,43,35
1999-09-25,5,9,31,17,35,39,8
1999-09-29,10,24,37,32,43,47,8
1999-10-02,6,17,32,24,39,45,1
1999-10-06,5,8,29,19,32,34,41
1999-10-09,1,14,24,15,34,40,32
1999-10-13,4,19,44,31,45,47,14
1999-10-16,4,17,40,31,45,48,26
1999-10-20,6,11,32,31,40,43,5
1999-10-23,9,10,21,11,36,49,35
1999-10-27,15,31,43,38,47,49,48
1999-10-30,2,7,43,35,45,46,6
1999-11-03,5,13,29,17,31,44,41
1999-11-06,9,22,34,33,35,41,12
1999-11-10,5,24,30,27,45,49,17
1999-11-13,14,21,24,23,25,39,5
1999-11-17,9,20,38,21,42,44,35
1999-11-20,18,21,31,29,35,45,2
1999-11-24,4,8,27,13,33,34,12
1999-11-27,23,32,44,34,47,49,39
1999-12-01,13,33,40,35,41,42,17
1999-12-04,4,15,26,17,27,49,18
1999-12-08,14,17,26,25,29,33,45
1999-12-11,6,21,29,27,34,46,2
1999-12-15,5,10,17,11,22,34,13
1999-12-18,9,20,33,27,37,42,19
1999-12-22,4,5,30,27,32,47,26
1999-12-25,20,23,39,27,43,49,6
1999-12-29,7,10,22,16,43,47,33
2000-01-01,20,25,37,29,46,47,33
2000-01-05,2,9,25,11,31,42,35
2000-01-08,9,12,29,25,48,49,22
2000-01-12,2,22,42,36,44,47,37
2000-01-15,2,9,26,24,27,38,46
2000-01-19,7,25,28,26,33,45,48
2000-01-22,20,21,24,23,36,43,40
2000-01-26,7,8,28,21,29,47,27
2000-01-29,1,3,29,25,36,38,26
2000-02-02,1,11,17,14,39,40,30
2000-02-05,1,26,31,30,39,40,29
2000-02-09,2,14,24,20,41,47,45
2000-02-12,12,15,31,18,47,49,40
2000-02-16,8,21,24,22,32,41,44
2000-02-19,13,16,22,20,36,43,48
2000-02-23,3,5,24,19,36,39,40
2000-02-26,9,11,24,14,31,47,12
2000-03-01,15,20,24,23,27,44,41
2000-03-04,8,9,38,30,40,43,37
2000-03-08,2,16,39,25,41,46,44
2000-03-11,5,13,37,18,43,46,41
2000-03-15,1,5,18,17,37,41,20
2000-03-18,9,11,17,12,30,48,32
2000-03-22,2,17,38,31,43,46,8
2000-03-25,3,6,20,19,29,45,32
2000-03-29,3,4,23,19,28,31,16
2000-04-01,3,13,27,18,34,38,36
2000-04-05,13,15,25,17,32,48,28
2000-04-08,4,12,14,13,34,38,42
2000-04-12,27,31,41,35,42,47,46
2000-04-15,4,7,26,20,27,36,44
2000-04-19,15,21,41,26,44,45,35
2000-04-22,14,17,27,23,40,48,47
2000-04-26,7,9,37,27,44,49,40
2000-04-29,1,6,31,23,35,46,34
2000-05-03,7,15,28,25,41,49,3
2000-05-06,2,12,38,29,42,47,36
2000-05-10,4,9,21,11,30,44,46
2000-05-13,5,13,20,18,29,48,33
2000-05-17,2,14,23,18,46,47,39
2000-05-20,11,20,33,32,39,45,44
2000-05-24,8,12,33,22,36,43,39
2000-05-27,4,14,39,36,40,44,1
2000-05-31,4,12,19,13,30,48,33
2000-06-03,2,7,12,11,33,39,20
2000-06-07,12,15,28,20,31,47,26
2000-06-10,3,9,44,12,45,48,30
2000-06-14,1,2,23,4,38,40,39
2000-06-17,6,14,37,20,43,47,11
2000-06-21,7,8,38,21,43,49,18
2000-06-24,14,26,29,28,40,42,24
2000-06-28,6,18,31,21,37,39,36
2000-07-01,5,29,40,38,47,48,42
2000-07-05,21,26,32,30,40,41,10
2000-07-08,1,19,30,26,33,36,24
2000-07-12,33,39,42,41,47,49,44
2000-07-15,3,24,40,27,41,46,44
2000-07-19,13,18,24,19,43,47,40
2000-07-22,11,31,40,37,42,46,26
2000-07-26,23,24,41,28,42,43,17
2000-07-29,3,5,33,31,37,38,20
2000-08-02,3,7,33,20,35,47,15
2000-08-05,4,7,32,23,33,41,1
2000-08-09,10,18,27,21,36,45,1
2000-08-12,4,10,25,19,29,37,16
2000-08-16,4,18,35,22,36,48,46
2000-08-19,4,10,19,12,23,32,15
2000-08-23,2,12,29,22,32,33,34
2000-08-26,30,32,41,33,46,49,3
2000-08-30,1,16,38,21,46,49,29
2000-09-02,7,8,29,23,32,40,3
2000-09-06,13,19,35,32,43,45,41
2000-09-09,17,28,34,29,43,45,48
2000-09-13,1,18,20,19,28,31,17
2000-09-16,6,22,32,26,36,43,31
2000-09-20,23,27,39,37,43,45,30
2000-09-23,14,23,33,31,36,37,21
2000-09-27,2,27,42,39,44,45,23
2000-09-30,2,8,28,20,39,41,27
2000-10-04,6,9,28,27,38,43,23
2000-10-07,7,8,42,36,45,48,49
2000-10-11,12,30,33,32,39,43,21
2000-10-14,9,12,30,29,44,45,20
2000-10-18,3,8,28,17,29,38,10
2000-10-21,4,8,32,11,39,45,6
2000-10-25,7,24,36,32,45,46,6
2000-10-28,4,8,17,16,34,41,29
2000-11-01,7,8,23,9,40,45,18
2000-11-04,4,7,27,26,32,42,31
2000-11-08,12,17,43,38,44,49,47
2000-11-11,8,20,31,28,33,43,7
2000-11-15,13,26,38,35,41,46,36
2000-11-18,15,27,37,28,46,48,8
2000-11-22,1,26,33,31,46,49,16
2000-11-25,5,21,31,23,34,49,15
2000-11-29,2,9,27,19,33,35,20
2000-12-02,10,18,25,23,46,48,8
2000-12-06,3,8,26,11,29,33,5
2000-12-09,4,5,19,6,34,43,46
2000-12-13,2,17,28,23,43,44,48
2000-12-16,11,13,22,14,27,29,37
2000-12-20,1,8,21,16,22,33,43
2000-12-23,5,19,27,26,34,42,23
2000-12-27,3,13,25,18,29,34,21
2000-12-30,1,6,16,10,28,31,13
2001-01-03,5,19,31,27,33,37,17
2001-01-06,11,27,35,33,38,41,30
2001-01-10,12,22,34,31,45,48,19
2001-01-13,4,12,28,17,42,46,34
2001-01-17,2,11,16,13,36,48,5
2001-01-20,14,18,30,29,34,35,44
2001-01-24,4,9,30,15,34,37,19
2001-01-27,15,20,36,34,41,44,12
2001-01-31,6,25,40,33,46,48,24
2001-02-03,3,7,28,22,43,47,18
2001-02-07,11,13,27,26,35,48,22
2001-02-10,2,12,26,21,28,37,11
2001-02-14,3,11,21,14,38,40,46
2001-02-17,6,17,28,24,30,35,33
2001-02-21,4,13,15,14,21,28,27
2001-02-24,14,26,29,28,37,39,48
2001-02-28,5,16,24,19,27,32,23
2001-03-03,13,21,27,22,44,45,8
2001-03-07,23,24,33,27,41,42,19
2001-03-10,2,10,19,18,33,34,36
2001-03-14,5,9,34,32,42,46,11
2001-03-17,6,7,15,10,24,46,39
2001-03-21,7,11,24,19,40,41,6
2001-03-24,11,23,33,30,39,47,25
2001-03-28,5,21,27,24,30,31,14
2001-03-31,19,20,29,21,42,45,13
2001-04-01,9,28,40,33,45,47,1
2001-04-07,3,9,22,12,31,41,35
2001-04-11,2,34,42,41,45,47,28
2001-04-14,3,5,10,9,18,25,47
2001-04-18,7,11,20,12,26,44,14
2001-04-21,9,10,21,16,22,29,45
2001-04-25,20,23,43,35,45,47,21
2001-04-28,18,20,34,33,44,49,26
2001-05-02,13,14,31,20,41,48,25
2001-05-05,1,11,32,25,38,42,10
2001-05-09,14,19,26,25,29,40,35
2001-05-12,20,22,40,25,43,47,19
2001-05-16,7,12,41,21,43,44,23
2001-05-19,6,15,32,18,44,49,45
2001-05-23,9,22,27,25,31,40,18
2001-05-26,14,15,28,26,31,49,9
2001-05-30,3,6,21,12,37,44,17
2001-06-02,12,26,33,28,37,39,6
2001-06-06,6,16,26,23,32,37,19
2001-06-09,10,17,28,27,32,45,43
2001-06-13,1,18,36,28,40,42,27
2001-06-16,11,14,28,18,30,33,22
2001-06-20,23,26,31,29,33,40,8
2001-06-23,7,15,26,21,31,35,42
2001-06-27,2,5,10,8,31,37,24
2001-06-30,15,27,32,28,42,45,5
2001-07-04,3,9,20,16,30,38,29
2001-07-07,2,8,30,16,41,47,25
2001-07-11,14,19,36,34,38,44,25
2001-07-14,2,6,37,25,39,46,11
2001-07-18,9,10,31,19,39,49,5
2001-07-21,2,3,20,16,24,46,23
2001-07-25,11,18,25,24,28,38,42
2001-07-28,1,26,35,32,38,49,9
2001-08-01,7,19,25,20,30,49,15
2001-08-04,10,13,29,14,31,43,33
2001-08-08,9,15,26,24,31,48,18
2001-08-11,1,18,25,21,31,35,6
2001-08-15,6,13,25,18,36,47,17
2001-08-18,6,13,23,18,47,49,45
2001-08-22,1,7,20,10,31,49,37
2001-08-25,20,25,43,34,48,49,27
2001-08-29,1,3,17,9,22,47,31
2001-09-01,4,14,20,17,37,42,29
2001-09-05,13,25,39,26,45,49,37
2001-09-08,14,16,38,23,41,44,10
2001-09-12,1,13,33,17,44,46,48
2001-09-15,5,6,32,31,44,48,20
2001-09-19,14,20,35,24,36,48,38
2001-09-22,8,9,24,10,42,46,1
2001-09-26,1,6,17,12,18,34,11
2001-09-29,3,14,35,28,41,44,30
2001-10-03,1,2,19,13,26,33,30
2001-10-06,4,20,26,25,31,43,47
2001-10-10,21,22,30,24,36,39,11
2001-10-13,27,35,41,39,44,48,29
2001-10-17,5,24,33,25,40,48,42
2001-10-20,2,12,19,18,25,40,4
2001-10-24,1,5,18,6,24,44,40
2001-10-27,10,12,28,25,34,38,42
2001-10-31,14,17,31,22,47,49,15
2001-11-03,13,24,37,36,38,42,32
2001-11-07,6,29,34,30,41,49,32
2001-11-10,3,16,30,23,38,44,33
2001-11-14,13,14,29,15,31,48,9
2001-11-17,1,9,18,13,27,46,20
2001-11-21,22,28,36,30,47,49,34
2001-11-24,5,8,29,21,33,49,13
2001-11-28,10,13,27,14,34,46,4
2001-12-01,2,9,34,15,47,48,16
2001-12-05,1,14,27,15,29,48,39
2001-12-08,6,9,34,25,47,48,26
2001-12-12,12,17,36,27,37,39,35
2001-12-15,3,8,22,14,23,26,41
2001-12-19,2,12,46,17,47,49,7
2001-12-22,5,6,30,22,33,48,38
2001-12-26,2,7,24,13,25,33,11
2001-12-29,1,16,19,17,25,26,34
2002-01-02,4,7,33,31,37,43,25
2002-01-05,11,19,39,38,44,47,48
2002-01-09,10,15,30,16,36,42,47
2002-01-12,23,27,38,31,39,47,33
2002-01-16,4,12,21,16,32,39,22
2002-01-19,10,11,29,28,33,41,49
2002-01-23,17,21,28,27,41,45,36
2002-01-26,4,14,26,22,35,46,41
2002-01-30,2,15,37,35,38,49,44
2002-02-02,7,9,32,12,37,47,16
2002-02-06,22,28,30,29,31,41,20
2002-02-09,3,5,30,9,35,46,43
2002-02-13,9,18,27,23,35,47,16
2002-02-16,3,16,25,20,34,46,15
2002-02-20,2,4,13,11,17,46,40
2002-02-23,6,10,31,21,32,34,20
2002-02-27,3,7,30,14,35,48,36
2002-03-02,4,15,28,19,46,48,18
2002-03-06,2,7,21,11,43,48,37
2002-03-09,10,11,21,14,43,45,28
2002-03-13,1,16,40,38,41,43,6
2002-03-16,3,7,22,14,35,42,18
2002-03-20,6,22,26,24,39,40,41
2002-03-23,7,9,18,15,36,37,40
2002-03-27,4,20,35,21,37,40,24
2002-03-30,23,26,36,34,39,44,33
2002-04-03,2,7,26,17,39,41,42
2002-04-06,10,11,30,17,33,35,22
2002-04-10,4,23,36,29,40,45,47
2002-04-13,6,14,23,22,34,45,29
2002-04-17,9,12,36,24,38,48,21
2002-04-20,2,11,36,13,45,49,14
2002-04-24,1,5,27,16,43,47,38
2002-04-27,12,29,32,30,42,48,22
2002-05-01,12,15,38,28,44,45,25
2002-05-04,9,18,29,20,44,47,23
2002-05-08,7,15,26,24,28,43,21
2002-05-11,1,13,26,23,28,35,39
2002-05-15,5,13,20,19,36,41,10
2002-05-18,3,6,18,7,26,35,43
2002-05-22,3,25,38,28,41,46,23
2002-05-25,5,6,25,13,46,47,26
2002-05-29,4,9,29,18,32,41,38
2002-06-01,7,11,21,19,29,32,20
2002-06-05,12,18,44,42,46,47,7
2002-06-08,9,13,29,17,30,33,23
2002-06-12,3,6,14,11,26,44,43
2002-06-15,4,12,19,16,44,46,7
2002-06-19,8,9,18,14,30,31,24
2002-06-22,3,4,17,12,19,37,32
2002-06-26,4,5,43,20,46,47,27
2002-06-29,11,16,33,17,38,45,40
2002-07-03,4,11,44,12,46,48,42
2002-07-06,3,16,27,26,30,34,46
2002-07-10,5,18,42,37,44,47,28
2002-07-13,2,23,27,25,38,49,10
2002-07-17,1,8,39,23,44,47,7
2002-07-20,4,6,12,8,33,48,1
2002-07-24,8,24,27,26,33,45,2
2002-07-27,14,16,25,17,37,47,45
2002-07-31,6,10,20,17,22,33,18
2002-08-03,6,18,27,19,42,46,29
2002-08-07,10,23,38,36,40,42,31
2002-08-10,11,33,39,36,45,46,1
2002-08-14,12,24,40,33,42,45,32
2002-08-17,14,29,34,32,44,45,8
2002-08-21,1,7,25,21,28,41,20
2002-08-24,1,3,16,5,36,37,25
2002-08-28,3,11,37,18,40,47,46
2002-08-31,9,20,37,29,45,47,26
2002-09-04,8,11,26,21,33,40,24
2002-09-07,9,18,37,22,39,47,20
2002-09-11,9,16,26,19,39,46,6
2002-09-14,2,16,20,19,26,32,41
2002-09-18,8,9,31,20,34,35,42
2002-09-21,1,7,36,33,40,47,39
2002-09-25,8,21,31,27,34,36,7
2002-09-28,7,8,35,22,38,49,39
2002-10-02,5,15,29,23,42,46,27
2002-10-05,3,14,35,24,36,40,21
2002-10-09,5,21,29,24,44,45,33
2002-10-12,8,25,31,28,34,48,11
2002-10-16,17,23,33,31,36,42,21
2002-10-19,10,14,25,20,33,35,46
2002-10-23,2,18,39,38,43,48,26
2002-10-26,1,5,9,7,11,27,33
2002-10-30,3,23,33,28,36,42,35
2002-11-02,15,32,37,33,39,46,29
2002-11-06,14,15,28,26,33,35,10
2002-11-09,2,3,30,4,40,45,18
2002-11-13,2,13,37,32,40,49,45
2002-11-16,20,23,36,31,37,43,34
2002-11-20,19,26,33,32,40,45,39
2002-11-23,15,24,32,27,46,48,8
2002-11-27,2,6,42,30,45,47,43
2002-11-30,2,10,30,11,36,47,34
2002-12-04,8,12,34,22,41,42,45
2002-12-07,5,7,27,13,38,48,30
2002-12-11,12,27,31,28,34,44,10
2002-12-14,24,25,35,28,43,49,10
2002-12-18,1,20,40,32,43,44,29
2002-12-21,8,11,21,20,27,39,22
2002-12-25,5,9,15,11,42,45,44
2002-12-28,2,7,20,9,22,32,44
2003-01-01,5,7,29,14,36,42,1
2003-01-04,4,9,30,29,37,47,13
2003-01-08,10,12,41,28,46,48,47
2003-01-11,5,12,32,27,37,41,24
2003-01-15,13,14,31,20,46,49,36
2003-01-18,2,4,22,6,28,41,37
2003-01-22,12,17,36,19,43,48,5
2003-01-25,2,4,41,22,42,46,18
2003-01-29,3,15,37,30,42,45,29
2003-02-01,1,5,17,11,41,49,21
2003-02-05,16,18,37,22,41,44,47
2003-02-08,1,14,26,22,28,37,30
2003-02-12,3,17,25,18,32,45,24
2003-02-15,22,28,34,33,36,40,41
2003-02-19,2,5,10,7,12,36,13
2003-02-22,22,24,38,36,41,46,11
2003-02-26,4,18,36,34,38,48,7
2003-03-01,2,7,33,17,35,37,15
2003-03-05,7,17,29,27,41,42,22
2003-03-08,3,6,20,10,25,41,43
2003-03-12,2,3,38,18,40,41,33
2003-03-15,26,34,40,38,42,47,17
2003-03-19,9,21,26,24,43,47,15
2003-03-22,2,6,26,25,32,48,35
2003-03-26,5,8,26,19,39,47,37
2003-03-29,3,8,39,18,41,42,10
2003-04-02,6,25,32,26,38,39,1
2003-04-05,16,22,33,26,38,46,30
2003-04-09,1,12,36,15,41,45,47
2003-04-12,11,27,33,28,35,49,26
2003-04-16,4,12,28,25,34,43,38
2003-04-19,6,11,30,21,44,46,34
2003-04-23,7,8,28,13,39,45,43
2003-04-26,10,14,33,20,36,38,5
2003-04-30,21,22,35,25,42,47,7
2003-05-03,10,15,26,25,29,42,45
2003-05-07,1,19,25,23,37,42,45
2003-05-10,12,14,20,19,22,32,3
2003-05-14,3,8,21,18,44,45,19
2003-05-17,4,5,14,10,16,29,26
2003-05-21,11,17,27,21,35,37,20
2003-05-24,2,10,15,13,17,33,22
2003-05-28,6,11,31,16,45,48,3
2003-05-31,4,14,37,28,41,42,21
2003-06-04,1,6,21,10,35,47,11
2003-06-07,5,24,34,27,40,44,48
2003-06-11,6,21,44,42,46,49,37
2003-06-14,1,5,19,14,31,38,37
2003-06-18,7,10,36,22,39,43,6
2003-06-21,1,13,19,15,22,48,40
2003-06-25,8,11,16,13,23,38,2
2003-06-28,12,36,38,37,40,46,7
2003-07-02,12,16,25,22,37,44,38
2003-07-05,5,8,33,29,42,45,7
2003-07-09,4,27,41,35,43,47,45
2003-07-12,8,19,26,20,35,39,32
2003-07-16,2,5,25,22,29,36,17
2003-07-19,7,12,25,15,30,36,11
2003-07-23,8,9,19,13,29,39,47
2003-07-26,8,12,22,19,30,40,36
2003-07-30,4,10,38,36,45,47,25
2003-08-02,1,6,19,11,40,43,31
2003-08-06,2,15,29,20,32,34,43
2003-08-09,2,23,33,31,38,40,26
2003-08-13,1,9,27,24,47,49,8
2003-08-16,23,28,41,34,43,48,12
2003-08-20,11,12,26,13,44,46,10
2003-08-23,14,20,44,42,46,48,34
2003-08-27,14,20,26,23,32,46,21
2003-08-30,9,14,35,27,37,40,48
2003-09-03,2,11,16,13,19,32,37
2003-09-06,23,24,39,36,42,45,20
2003-09-10,8,20,32,28,47,49,16
2003-09-13,2,35,43,41,45,49,23
2003-09-17,7,10,41,20,46,47,16
2003-09-20,12,29,36,35,43,48,27
2003-09-24,8,9,30,13,39,45,26
2003-09-27,2,5,25,23,27,36,19
2003-10-01,14,15,19,18,28,30,8
2003-10-04,1,3,31,5,34,38,42
2003-10-08,5,7,22,17,31,35,18
2003-10-11,19,21,41,27,44,47,25
2003-10-15,12,17,22,18,25,32,13
2003-10-18,6,32,42,35,45,46,30
2003-10-22,6,13,25,21,30,42,9
2003-10-25,2,18,33,19,37,44,38
2003-10-29,5,7,34,30,36,38,13
2003-11-01,1,6,19,13,24,37,5
2003-11-05,1,26,46,39,47,49,21
2003-11-08,2,14,29,17,38,43,22
2003-11-12,8,17,30,20,33,48,16
2003-11-15,18,24,37,36,38,49,41
2003-11-19,3,6,14,10,21,26,46
2003-11-22,2,19,32,29,39,46,27
2003-11-26,6,7,21,11,30,38,3
2003-11-29,1,4,30,12,33,35,29
2003-12-03,7,11,27,18,28,46,38
2003-12-06,1,4,18,6,27,42,46
2003-12-10,9,12,21,18,28,41,7
2003-12-13,6,7,17,13,19,40,44
2003-12-17,2,4,27,16,36,40,5
2003-12-20,4,15,29,22,40,43,45
2003-12-24,10,20,32,23,36,49,31
2003-12-27,6,20,33,31,37,42,22
2003-12-31,6,9,35,32,44,49,43
2004-01-03,7,16,28,18,31,38,45
2004-01-07,6,12,37,29,43,47,11
2004-01-10,15,16,29,28,35,47,17
2004-01-14,2,14,21,15,22,44,37
2004-01-17,1,9,36,18,38,39,23
2004-01-21,9,11,22,20,36,43,46
2004-01-24,6,28,37,29,41,42,11
2004-01-28,13,15,32,18,35,43,4
2004-01-31,4,6,17,16,26,44,36
2004-02-04,1,13,22,17,23,38,46
2004-02-07,13,22,28,24,31,38,14
2004-02-11,9,12,24,15,25,28,33
2004-02-14,23,32,36,33,47,49,4
2004-02-18,14,15,41,35,46,47,8
2004-02-21,3,6,17,15,37,47,21
2004-02-25,5,8,30,13,38,41,4
2004-02-28,6,7,21,10,40,43,1
2004-03-03,3,8,33,32,36,44,34
2004-03-06,11,13,25,24,38,39,12
2004-03-10,4,8,27,24,28,32,5
2004-03-13,1,4,37,34,38,40,46
2004-03-17,2,9,33,19,46,48,20
2004-03-20,6,22,32,28,35,40,2
2004-03-24,14,22,31,28,35,45,10
2004-03-27,1,4,27,15,44,46,24
2004-03-31,1,4,26,21,35,38,22
2004-04-03,15,17,27,25,45,49,23
2004-04-07,1,18,41,23,42,49,27
2004-04-10,1,5,22,9,23,41,29
2004-04-14,8,13,28,26,38,39,35
2004-04-17,1,17,34,30,41,43,40
2004-04-21,10,15,43,24,44,45,3
2004-04-24,9,17,29,18,30,35,16
2004-04-28,1,20,38,36,39,49,13
2004-05-01,4,11,22,13,27,41,30
2004-05-05,4,9,26,10,34,39,11
2004-05-08,17,25,34,27,35,45,28
2004-05-12,4,6,33,12,43,45,28
2004-05-15,19,21,26,24,29,41,3
2004-05-19,4,9,16,14,33,38,5
2004-05-22,15,16,27,19,29,40,3
2004-05-26,6,8,24,13,25,48,23
2004-05-29,8,12,22,14,32,41,11
2004-06-02,1,9,17,14,21,34,30
2004-06-05,3,14,30,28,33,44,11
2004-06-09,9,13,32,28,41,49,26
2004-06-12,10,20,36,29,37,44,18
2004-06-16,3,11,20,12,29,41,8
2004-06-19,2,15,20,18,26,34,22
2004-06-23,4,6,15,8,18,32,29
2004-06-26,5,8,32,22,39,49,11
2004-06-30,5,11,22,12,36,41,17
2004-07-03,15,21,30,27,31,34,43
2004-07-07,1,6,20,8,30,40,12
2004-07-10,4,18,31,24,43,45,40
2004-07-14,5,6,27,18,28,39,13
2004-07-17,8,9,30,19,39,47,35
2004-07-21,13,20,32,28,35,48,5
2004-07-24,4,18,33,30,39,44,27
2004-07-28,12,15,40,21,41,49,37
2004-07-31,20,28,41,30,43,46,14
2004-08-04,12,21,28,22,29,37,43
2004-08-07,13,33,39,34,44,45,40
2004-08-11,5,16,36,18,45,48,17
2004-08-14,17,24,41,31,42,46,48
2004-08-18,8,13,37,18,38,42,26
2004-08-20,21,29,43,40,44,47,18
2004-08-21,10,17,23,19,27,47,35
2004-08-25,10,14,38,37,44,46,12
2004-08-28,10,15,20,18,22,27,46
2004-09-01,3,12,31,21,36,44,4
2004-09-04,1,12,30,20,35,47,5
2004-09-08,2,10,16,12,25,43,37
2004-09-11,7,29,35,30,44,48,2
2004-09-15,9,23,29,27,44,48,34
2004-09-18,2,6,13,8,30,45,37
2004-09-22,11,24,34,25,44,46,5
2004-09-25,1,14,22,20,24,43,19
2004-09-29,7,13,27,17,39,42,47
2004-10-02,2,7,16,10,18,20,48
2004-10-06,2,6,10,7,15,38,28
2004-10-09,6,14,32,23,37,41,2
2004-10-13,1,2,7,4,25,37,36
2004-10-16,2,7,27,8,34,44,22
2004-10-20,10,16,30,27,39,48,34
2004-10-23,23,32,41,39,47,49,34
2004-10-27,1,4,36,15,42,46,40
2004-10-30,10,14,22,15,29,39,41
2004-11-03,13,15,31,19,47,48,37
2004-11-06,8,10,19,11,36,49,6
2004-11-10,9,20,38,35,39,41,23
2004-11-13,5,10,20,13,30,36,9
2004-11-17,9,12,16,13,39,43,28
2004-11-20,9,23,31,26,37,43,14
2004-11-24,1,5,27,22,36,37,45
2004-11-27,3,9,20,17,36,42,11
2004-12-01,10,14,18,16,33,48,15
2004-12-04,17,34,38,37,46,48,1
2004-12-08,4,7,36,27,41,46,38
2004-12-11,9,18,29,25,30,46,26
2004-12-15,3,22,27,25,40,44,31
2004-12-18,2,3,33,13,42,49,25
2004-12-22,2,4,25,15,47,48,9
2004-12-25,9,10,29,13,32,40,19
2004-12-29,10,17,26,20,30,39,46
2005-01-01,8,14,18,16,25,45,37
2005-01-05,4,9,21,13,26,49,14
2005-01-08,12,16,41,19,44,47,36
2005-01-12,4,7,26,25,27,42,40
2005-01-15,1,8,28,14,41,44,19
2005-01-19,4,6,18,15,26,45,38
2005-01-22,3,8,40,13,46,48,24
2005-01-26,14,15,41,17,44,49,48
2005-01-29,2,6,35,33,45,47,1
2005-02-02,4,6,34,20,43,46,25
2005-02-05,9,23,25,24,35,48,12
2005-02-09,5,18,37,22,41,46,3
2005-02-12,23,27,38,36,43,48,44
2005-02-16,3,10,22,13,36,47,43
2005-02-19,7,10,37,12,39,48,47
2005-02-23,9,18,24,21,25,27,42
2005-02-26,9,15,26,18,27,43,45
2005-03-02,14,20,39,22,40,47,9
2005-03-05,5,29,32,31,39,47,2
2005-03-09,6,14,26,25,27,38,5
2005-03-12,5,10,19,16,44,49,15
2005-03-16,23,26,28,27,46,49,12
2005-03-19,2,7,35,25,46,47,33
2005-03-23,6,14,25,15,26,37,41
2005-03-26,24,29,33,31,35,43,7
2005-03-30,6,11,22,17,26,40,25
2005-04-02,1,7,21,17,23,25,37
2005-04-06,2,5,18,7,40,42,27
2005-04-09,5,21,29,28,31,47,12
2005-04-13,21,22,27,25,28,38,19
2005-04-16,4,7,26,14,29,42,39
2005-04-20,10,16,33,27,37,49,40
2005-04-23,2,7,38,20,41,47,21
2005-04-26,1,9,37,23,40,41,17
2005-04-27,2,9,29,22,32,39,19
2005-04-30,15,20,36,32,37,40,47
2005-05-04,12,19,27,24,35,40,39
2005-05-07,5,7,40,36,45,48,49
2005-05-11,6,21,36,31,41,48,2
2005-05-14,3,4,30,14,39,47,31
2005-05-18,3,13,26,15,30,41,21
2005-05-21,10,15,30,25,42,47,1
2005-05-25,2,16,33,20,35,37,1
2005-05-28,10,12,29,27,43,49,39
2005-06-01,9,23,40,38,43,47,45
2005-06-04,12,25,27,26,35,38,4
2005-06-08,16,17,38,26,41,43,42
2005-06-11,15,18,34,31,41,44,46
2005-06-15,2,4,19,5,34,49,20
2005-06-18,25,32,38,34,43,48,10
2005-06-22,6,23,32,31,36,45,27
2005-06-25,14,21,36,22,37,40,26
2005-06-29,1,6,24,20,35,48,15
2005-07-02,4,13,23,16,39,40,35
2005-07-06,19,21,28,26,41,48,27
2005-07-09,2,7,16,9,23,49,1
2005-07-13,4,7,36,34,43,47,37
2005-07-16,3,10,19,17,21,23,49
2005-07-20,3,15,22,16,28,37,47
2005-07-23,2,4,28,24,29,36,30
2005-07-27,16,19,43,22,44,45,5
2005-07-30,4,6,35,9,40,48,24
2005-08-03,5,9,24,16,25,30,49
2005-08-06,5,18,39,29,42,47,21
2005-08-10,6,7,22,15,27,33,26
2005-08-13,2,8,16,15,19,34,12
2005-08-17,4,8,33,14,45,48,35
2005-08-24,5,27,41,38,42,47,45
2005-08-27,9,16,26,20,33,34,46
2005-08-31,4,18,27,24,31,37,34
2005-09-03,5,14,31,24,45,49,18
2005-09-07,8,26,34,32,36,38,47
2005-09-10,1,7,16,10,18,28,27
2005-09-14,4,5,22,15,27,28,42
2005-09-17,3,6,8,7,11,24,44
2005-09-21,17,18,22,21,23,47,35
2005-09-24,4,8,30,13,40,42,9
2005-09-28,16,21,30,27,35,45,29
2005-10-01,3,6,31,16,34,37,41
2005-10-05,6,27,36,35,38,49,46
2005-10-08,5,10,28,24,36,47,31
2005-10-12,7,11,30,22,32,33,9
2005-10-15,4,17,38,18,46,48,25
2005-10-19,2,6,19,15,31,46,27
2005-10-22,3,17,32,19,38,39,12
2005-10-26,12,14,35,22,39,45,6
2005-10-29,8,17,22,21,46,49,11
2005-11-02,1,19,32,22,37,48,29
2005-11-06,4,8,26,14,30,45,29
2005-11-09,12,22,44,25,45,46,32
2005-11-12,10,14,19,17,29,49,6
2005-11-16,6,13,40,35,41,44,18
2005-11-19,8,10,34,12,44,46,20
2005-11-23,4,5,33,16,36,46,26
2005-11-26,7,18,27,23,40,44,42
2005-11-30,1,5,24,11,40,41,46
2005-12-03,4,5,23,14,40,42,7
2005-12-07,1,3,23,17,26,42,45
2005-12-10,4,5,26,15,29,36,18
2005-12-14,3,5,27,16,31,33,28
2005-12-17,2,26,34,30,35,43,29
2005-12-21,1,4,22,7,25,41,36
2005-12-24,22,24,40,35,42,43,46
2005-12-28,1,15,35,21,38,46,31
2005-12-31,6,25,41,26,43,47,9
2006-01-04,4,6,33,12,38,49,46
2006-01-07,12,17,29,21,45,46,20
2006-01-11,7,12,34,16,36,38,35
2006-01-14,7,8,16,14,27,43,20
2006-01-18,4,6,29,9,40,49,11
2006-01-21,1,3,31,26,34,37,40
2006-01-25,3,5,15,6,21,37,48
2006-01-28,13,19,28,27,32,38,2
2006-02-01,3,11,29,12,36,43,44
2006-02-04,16,21,33,30,44,49,17
2006-02-08,7,27,35,29,39,42,16
2006-02-11,2,8,18,14,29,34,35
2006-02-15,2,4,22,18,28,42,37
2006-02-18,6,10,23,12,32,47,29
2006-02-22,3,10,20,14,37,39,31
2006-02-25,10,20,24,23,30,37,47
2006-03-01,11,14,20,16,21,46,7
2006-03-04,2,33,39,38,41,46,29
2006-03-08,11,20,30,23,33,46,32
2006-03-11,13,15,31,17,41,48,32
2006-03-15,4,7,44,37,46,48,35
2006-03-18,3,4,11,6,15,44,26
2006-03-22,5,13,42,25,46,48,41
2006-03-25,7,10,24,12,37,40,44
2006-03-29,7,11,23,13,28,37,36
2006-04-01,19,25,30,27,33,42,31
2006-04-05,6,9,33,14,41,49,45
2006-04-08,15,18,31,24,44,46,12
2006-04-12,3,4,31,21,47,48,18
2006-04-15,2,9,35,18,36,47,28
2006-04-19,12,26,37,34,39,49,30
2006-04-22,4,5,21,14,30,33,38
2006-04-29,11,16,27,21,38,39,34
2006-05-03,6,10,18,11,32,48,26
2006-05-06,2,18,36,30,37,40,6
2006-05-10,8,9,31,10,44,46,22
2006-05-13,16,27,35,32,37,40,49
2006-05-17,14,23,32,24,37,43,40
2006-05-20,4,9,39,25,43,46,13
2006-05-24,1,2,12,8,34,46,30
2006-05-27,3,13,29,18,43,49,20
2006-05-31,9,10,19,11,26,39,23
2006-06-03,13,17,26,24,27,37,1
2006-06-07,7,13,38,20,39,45,31
2006-06-10,1,7,31,30,32,49,17
2006-06-14,9,10,25,17,30,33,23
2006-06-17,10,23,38,36,46,48,25
2006-06-21,1,13,39,29,43,47,42
2006-06-24,3,7,28,21,29,49,27
2006-06-28,3,4,24,8,29,45,9
2006-07-01,4,10,12,11,15,28,23
2006-07-05,1,4,43,28,47,48,32
2006-07-08,16,17,24,19,32,40,2
2006-07-12,7,15,22,21,27,39,45
2006-07-15,5,21,27,22,35,42,24
2006-07-19,2,9,23,14,28,33,12
2006-07-22,1,4,33,17,40,44,49
2006-07-26,1,4,23,17,31,32,42
2006-07-29,3,17,35,23,36,48,45
2006-08-02,4,5,36,32,42,43,28
2006-08-05,7,11,32,21,34,45,43
2006-08-09,2,3,13,12,19,32,24
2006-08-12,5,18,33,24,36,41,1
2006-08-16,10,24,36,32,39,48,21
2006-08-19,1,7,15,11,19,28,20
2006-08-23,8,13,25,15,31,35,40
2006-08-26,2,25,42,34,46,47,4
2006-08-30,10,25,42,40,47,49,39
2006-09-02,13,17,20,18,32,44,34
2006-09-06,5,9,16,10,29,30,43
2006-09-09,2,3,31,29,37,48,21
2006-09-13,9,10,23,19,37,40,47
2006-09-16,2,5,38,24,43,44,13
2006-09-20,20,22,26,23,42,47,18
2006-09-23,3,12,22,20,24,47,9
2006-09-27,2,14,18,15,19,35,21
2006-09-30,4,12,36,24,37,41,23
2006-10-04,8,15,28,21,33,37,43
2006-10-07,7,10,17,14,35,36,37
2006-10-11,1,4,31,12,35,49,2
2006-10-14,3,24,35,26,39,45,44
2006-10-18,12,14,27,19,29,35,32
2006-10-21,1,3,12,10,29,31,27
2006-10-25,2,11,33,20,34,37,10
2006-10-28,17,23,44,32,47,48,37
2006-11-01,16,22,33,32,42,48,4
2006-11-04,9,18,29,25,35,39,21
2006-11-08,20,27,33,28,42,47,24
2006-11-11,20,22,31,28,37,48,7
2006-11-15,9,30,43,40,45,49,27
2006-11-18,4,17,21,18,23,47,49
2006-11-22,11,19,25,20,31,36,22
2006-11-25,6,10,19,17,25,39,7
2006-11-29,11,30,36,34,37,41,44
2006-12-02,3,18,26,20,34,45,17
2006-12-06,11,18,31,24,38,44,10
2006-12-09,5,21,34,32,37,47,36
2006-12-13,3,19,30,28,33,47,39
2006-12-16,7,16,34,28,41,48,46
2006-12-20,8,25,40,31,43,49,36
2006-12-23,6,17,31,30,39,48,38
2006-12-27,1,4,9,8,23,49,11
2006-12-30,1,14,21,16,34,44,10
2007-01-03,4,20,27,23,33,37,49
2007-01-06,2,7,32,16,43,49,39
2007-01-10,5,10,27,23,30,45,22
2007-01-13,9,20,46,39,47,49,26
2007-01-17,28,32,47,39,48,49,31
2007-01-20,4,7,33,11,38,41,13
2007-01-24,8,15,35,16,37,45,11
2007-01-27,9,14,35,32,38,43,48
2007-01-31,2,6,35,25,37,38,8
2007-02-03,2,11,20,16,41,44,24
2007-02-07,9,23,32,25,36,47,7
2007-02-10,3,4,36,20,43,49,31
2007-02-14,6,19,33,23,35,38,7
2007-02-17,17,20,23,21,24,40,18
2007-02-21,18,19,31,26,39,46,48
2007-02-24,1,10,21,19,29,49,34
2007-02-28,11,16,23,21,30,42,18
2007-03-03,6,8,27,13,29,38,49
2007-03-07,2,5,36,22,38,42,1
2007-03-10,5,14,38,33,42,46,41
2007-03-14,2,8,31,29,40,42,33
2007-03-17,15,17,25,22,32,42,36
2007-03-21,11,13,20,15,26,29,5
2007-03-24,19,38,44,41,47,48,11
2007-03-28,16,36,40,39,47,48,28
2007-03-31,3,7,26,16,34,43,27
2007-04-04,2,3,32,11,33,48,6
2007-04-07,11,12,26,13,42,49,31
2007-04-11,2,11,17,14,22,36,1
2007-04-14,3,8,20,12,21,45,38
2007-04-18,10,12,34,17,44,47,14
2007-04-21,9,15,30,27,41,45,33
2007-04-25,1,4,23,5,33,42,39
2007-04-28,2,7,35,30,41,43,19
2007-05-02,3,5,20,18,34,35,14
2007-05-05,4,9,13,10,17,37,23
2007-05-09,6,18,36,31,44,45,32
2007-05-12,17,20,25,22,46,47,40
2007-05-16,22,26,35,30,42,48,15
2007-05-19,2,13,37,35,38,41,28
2007-05-23,12,21,24,23,29,36,30
2007-05-26,6,9,25,20,32,41,16
2007-05-30,1,3,33,27,43,48,49
2007-06-02,14,31,35,33,40,48,23
2007-06-06,6,9,26,18,37,46,19
2007-06-09,1,3,24,10,26,30,8
2007-06-13,23,31,35,32,47,48,10
2007-06-16,3,26,35,31,39,45,11
2007-06-20,23,33,36,35,38,45,42
2007-06-23,1,6,38,33,39,43,3
2007-06-27,11,14,26,17,29,34,2
2007-06-30,3,10,28,20,37,42,44
2007-07-04,7,11,25,21,44,46,31
2007-07-07,1,3,24,9,31,38,6
2007-07-11,4,21,31,30,41,44,1
2007-07-14,4,10,20,18,31,32,1
2007-07-18,13,16,37,32,38,46,40
2007-07-21,4,10,36,20,43,46,44
2007-07-25,1,16,21,19,27,38,28
2007-07-28,3,11,24,20,32,39,12
2007-08-01,8,18,42,22,47,48,27
2007-08-04,6,13,26,20,30,44,8
2007-08-08,15,16,26,18,31,34,5
2007-08-11,2,5,23,8,32,42,49
2007-08-15,12,24,36,28,38,42,37
2007-08-18,3,6,14,11,34,47,4
2007-08-22,10,14,39,15,45,48,5
2007-08-25,20,23,35,25,41,47,18
2007-08-29,1,4,20,12,28,42,43
2007-09-01,2,33,41,36,43,48,28
2007-09-05,1,15,27,18,44,49,29
2007-09-08,6,18,20,19,41,44,43
2007-09-12,4,11,21,18,40,48,33
2007-09-15,1,3,14,4,35,36,10
2007-09-19,13,18,32,19,35,36,43
2007-09-22,2,20,31,25,32,38,35
2007-09-26,2,5,17,7,44,46,38
2007-09-29,15,19,23,20,25,30,16
2007-10-03,7,8,23,19,26,37,16
2007-10-06,4,31,37,34,40,45,26
2007-10-10,17,21,33,29,45,48,30
2007-10-13,24,26,41,36,46,49,16
2007-10-17,4,9,22,15,35,43,36
2007-10-20,7,8,20,13,32,39,19
2007-10-24,5,18,25,21,30,43,2
2007-10-27,14,31,38,35,41,48,36
2007-10-31,4,5,23,7,29,37,30
2007-11-03,7,11,24,22,31,42,10
2007-11-07,11,14,26,15,33,40,10
2007-11-10,9,25,41,37,42,46,15
2007-11-14,1,10,43,41,44,46,26
2007-11-17,11,13,28,24,32,35,49
2007-11-21,16,23,36,30,37,43,9
2007-11-24,34,35,41,39,43,46,30
2007-11-28,3,6,23,19,36,45,14
2007-12-01,9,25,42,35,44,48,41
2007-12-05,15,18,26,23,31,41,8
2007-12-08,1,3,17,15,36,49,28
2007-12-12,2,16,28,18,41,44,6
2007-12-15,1,10,18,17,31,41,9
2007-12-19,7,8,26,16,32,47,1
2007-12-22,1,21,23,22,36,49,26
2007-12-26,6,12,34,17,43,44,15
2007-12-29,10,11,16,15,18,48,30
2008-01-02,5,8,35,11,37,46,38
2008-01-05,13,15,27,19,40,46,36
2008-01-09,7,8,16,11,30,40,49
2008-01-12,5,8,33,31,43,44,7
2008-01-16,2,10,34,30,42,47,44
2008-01-19,10,17,41,35,45,47,30
2008-01-23,3,9,33,10,34,48,17
2008-01-26,2,9,25,10,33,43,27
2008-01-30,5,8,21,20,25,49,29
2008-02-02,2,6,14,7,33,42,17
2008-02-06,11,12,23,17,32,41,14
2008-02-09,11,28,37,29,41,46,40
2008-02-13,7,10,19,17,22,25,20
2008-02-16,1,3,23,11,25,37,4
2008-02-20,7,9,36,25,45,47,31
2008-02-23,9,14,43,40,45,46,23
2008-02-27,1,2,19,15,30,33,47
2008-03-01,6,10,26,11,28,37,33
2008-03-05,12,13,24,17,28,49,39
2008-03-08,8,10,27,18,32,36,24
2008-03-12,19,25,32,28,36,46,13
2008-03-15,1,9,37,33,48,49,41
2008-03-19,16,22,35,29,46,49,5
2008-03-22,1,15,34,24,37,48,14
2008-03-26,2,9,13,11,22,39,41
2008-03-29,2,4,21,19,32,41,12
2008-04-02,9,17,29,25,42,43,4
2008-04-05,10,19,35,22,39,49,2
2008-04-09,4,7,30,9,43,44,37
2008-04-12,20,21,26,25,32,38,36
2008-04-16,25,28,37,29,41,48,30
2008-04-19,4,11,26,12,30,35,6
2008-04-23,5,8,31,19,36,37,26
2008-04-26,1,4,13,12,27,33,16
2008-04-30,6,8,13,10,25,27,2
2008-05-03,8,12,20,14,25,39,7
2008-05-07,14,15,46,24,47,48,31
2008-05-10,16,19,38,35,42,44,20
2008-05-14,4,9,30,18,34,39,24
2008-05-17,4,7,21,14,34,49,18
2008-05-21,3,16,22,17,28,34,6
2008-05-24,18,31,43,34,48,49,35
2008-05-28,5,19,35,32,38,41,26
2008-05-31,5,8,26,18,27,43,42
2008-06-04,6,14,32,21,44,48,30
2008-06-07,13,21,28,24,31,46,17
2008-06-11,3,16,28,21,34,46,32
2008-06-14,22,26,41,36,44,45,14
2008-06-18,11,22,35,29,40,45,27
2008-06-21,6,13,20,17,42,46,4
2008-06-25,13,15,27,20,40,44,18
2008-06-28,3,27,32,29,33,44,24
2008-07-02,1,2,28,16,30,42,26
2008-07-05,1,5,22,21,36,41,3
2008-07-09,12,26,33,28,34,36,19
2008-07-12,3,4,22,10,32,46,29
2008-07-16,5,6,20,7,25,28,45
2008-07-19,2,11,38,23,45,49,4
2008-07-23,4,8,31,13,47,49,43
2008-07-26,5,7,26,20,29,39,21
2008-07-30,4,17,30,19,35,45,27
2008-08-02,17,37,43,38,47,48,33
2008-08-06,1,14,19,17,32,43,5
2008-08-09,6,11,25,12,30,44,14
2008-08-13,4,9,16,14,17,30,18
2008-08-16,9,14,45,43,47,49,30
2008-08-20,4,16,23,20,25,42,47
2008-08-23,5,7,30,14,33,47,16
2008-08-27,1,11,27,22,29,42,16
2008-08-30,13,20,34,27,38,45,42
2008-09-03,7,22,29,24,39,42,11
2008-09-06,6,23,33,30,34,35,7
2008-09-10,2,6,14,12,30,40,47
2008-09-13,3,12,40,35,41,45,11
2008-09-17,3,21,43,34,44,48,42
2008-09-20,2,14,18,17,32,49,29
2008-09-24,11,14,28,16,37,44,39
2008-09-27,1,20,24,21,44,45,3
2008-10-01,7,9,25,21,42,47,27
2008-10-04,3,4,17,10,24,25,6
2008-10-08,17,26,34,32,43,48,6
2008-10-11,7,16,28,23,33,42,48
2008-10-15,5,8,40,20,41,46,12
2008-10-18,6,20,26,22,36,46,38
2008-10-22,2,7,29,25,46,47,23
2008-10-25,3,6,10,9,17,22,18
2008-10-29,10,12,27,23,34,42,1
2008-11-01,3,7,42,30,46,47,21
2008-11-05,12,18,28,21,37,41,38
2008-11-08,3,6,35,25,44,45,10
2008-11-12,14,18,31,19,41,42,4
2008-11-15,1,15,22,18,41,44,13
2008-11-19,4,7,23,16,24,31,36
2008-11-22,5,7,28,23,32,37,21
2008-11-26,1,2,33,28,36,41,8
2008-11-29,1,17,33,29,44,48,45
2008-12-03,2,7,28,20,36,40,44
2008-12-06,10,15,31,30,35,45,44
2008-12-10,6,8,12,11,30,32,46
2008-12-13,9,13,27,25,30,48,17
2008-12-17,1,4,39,18,43,47,41
2008-12-20,4,18,23,20,31,32,49
2008-12-24,13,17,32,24,40,43,16
2008-12-27,2,25,29,26,32,34,28
2008-12-31,24,33,38,34,41,48,47
2009-01-03,17,20,34,27,46,49,40
2009-01-07,3,17,39,24,40,43,33
2009-01-10,6,7,19,18,31,36,27
2009-01-14,1,9,38,19,45,48,10
2009-01-17,10,28,32,31,39,46,45
2009-01-21,3,23,35,30,38,46,45
2009-01-24,10,15,27,22,34,35,45
2009-01-28,2,14,28,22,36,47,1
2009-01-31,2,11,27,19,38,40,17
2009-02-04,9,20,30,29,37,43,27
2009-02-07,14,15,21,20,35,46,2
2009-02-11,3,18,28,20,33,48,45
2009-02-14,15,19,28,27,35,46,7
2009-02-18,4,18,29,26,41,45,15
2009-02-21,3,8,18,13,29,48,41
2009-02-25,10,29,36,35,37,49,32
2009-02-28,9,22,42,32,43,46,33
2009-03-04,1,12,32,23,35,47,28
2009-03-07,2,4,29,21,41,45,8
2009-03-11,8,20,25,21,30,32,22
2009-03-14,3,17,33,24,34,39,5
2009-03-18,1,2,14,8,28,48,44
2009-03-21,5,10,25,11,36,48,16
2009-03-25,2,4,7,6,19,33,43
2009-03-28,1,12,37,33,41,44,21
2009-04-01,2,6,31,30,33,42,16
2009-04-04,1,9,11,10,33,38,7
2009-04-08,4,11,25,17,28,35,36
2009-04-11,24,32,38,35,46,49,15
2009-04-15,2,7,22,19,29,40,6
2009-04-18,1,2,23,4,35,38,29
2009-04-22,1,2,7,5,38,47,39
2009-04-25,2,10,21,17,33,35,38
2009-04-29,17,19,34,22,36,39,18
2009-05-02,8,18,33,27,47,49,28
2009-05-06,1,15,34,20,42,49,9
2009-05-09,20,33,44,36,48,49,7
2009-05-13,8,14,25,21,26,44,22
2009-05-16,1,3,13,9,14,18,23
2009-05-20,7,21,25,23,29,48,35
2009-05-23,8,12,35,31,39,41,18
2009-05-27,4,26,38,28,41,47,36
2009-05-30,1,5,22,11,33,47,9
2009-06-03,5,8,26,10,27,30,15
2009-06-06,12,16,45,41,48,49,7
2009-06-10,4,8,17,14,33,49,15
2009-06-13,2,3,24,7,26,40,15
2009-06-17,1,17,31,19,32,36,20
2009-06-20,12,14,22,16,33,37,39
2009-06-24,5,9,23,14,34,48,42
2009-06-27,11,13,26,18,29,33,6
2009-07-01,7,10,18,16,40,46,21
2009-07-04,10,18,23,19,34,44,24
2009-07-08,18,20,28,27,33,34,38
2009-07-11,4,9,17,10,30,39,11
2009-07-15,10,26,40,30,42,46,44
2009-07-18,4,13,22,20,28,49,11
2009-07-22,7,13,25,16,27,35,17
2009-07-25,2,13,22,18,27,40,23
2009-07-29,3,4,9,5,15,23,41
2009-08-01,18,22,32,30,36,45,31
2009-08-05,16,18,37,21,40,45,34
2009-08-08,10,18,30,20,33,36,39
2009-08-12,2,12,18,13,20,43,17
2009-08-15,5,12,20,19,22,43,13
2009-08-19,6,14,31,25,33,49,12
2009-08-22,9,15,36,33,39,43,38
2009-08-26,9,23,34,25,40,44,13
2009-08-29,1,17,35,22,38,49,6
2009-09-02,2,8,26,15,34,44,33
2009-09-05,20,26,30,29,37,44,13
2009-09-09,4,10,33,32,37,46,21
2009-09-12,3,8,31,19,42,44,20
2009-09-16,4,5,14,12,39,44,19
2009-09-19,9,15,25,19,29,43,13
2009-09-23,11,18,31,21,39,40,38
2009-09-26,1,7,15,8,32,48,13
2009-09-30,1,10,21,20,28,41,35
2009-10-03,9,25,36,35,41,43,8
2009-10-07,6,16,21,18,25,42,33
2009-10-10,8,15,31,20,34,38,7
2009-10-14,1,13,24,19,31,46,23
2009-10-17,3,4,36,23,42,46,41
2009-10-21,4,10,29,18,41,48,7
2009-10-24,1,2,18,3,39,44,32
2009-10-28,1,2,21,8,32,42,49
2009-10-31,2,11,28,15,30,35,48
2009-11-04,12,26,34,27,41,49,33
2009-11-07,5,8,31,29,37,39,44
2009-11-11,1,4,17,13,25,47,5
2009-11-14,17,21,39,36,42,44,9
2009-11-18,30,31,37,32,40,45,7
2009-11-21,1,3,8,4,23,31,16
2009-11-25,3,14,20,15,33,43,31
2009-11-28,3,5,22,21,33,38,14
2009-12-02,12,13,36,35,37,42,40
2009-12-05,10,25,44,39,47,48,2
2009-12-09,7,10,18,15,24,48,5
2009-12-12,11,19,35,27,36,47,29
2009-12-16,4,23,43,30,44,45,15
2009-12-19,22,25,28,26,39,42,8
2009-12-23,3,4,37,7,39,45,35
2009-12-26,1,9,19,17,38,39,45
2009-12-30,11,16,24,22,32,33,14
2010-01-02,8,25,35,28,46,48,38
2010-01-06,4,13,32,29,41,42,46
2010-01-09,2,12,20,15,26,33,14
2010-01-13,2,3,33,19,48,49,20
2010-01-16,17,24,30,29,35,45,19
2010-01-20,7,13,28,20,35,48,9
2010-01-23,17,20,30,22,42,49,48
2010-01-27,1,9,18,12,31,39,5
2010-01-30,1,4,6,5,11,15,21
2010-02-03,6,11,33,19,35,48,23
2010-02-06,6,11,23,22,30,42,31
2010-02-10,4,6,9,8,10,30,7
2010-02-13,2,16,19,17,28,44,13
2010-02-17,9,11,43,39,48,49,27
2010-02-20,16,17,35,18,40,48,11
2010-02-24,5,29,45,41,47,49,8
2010-02-27,8,10,19,18,25,47,31
2010-03-03,15,20,37,36,42,47,22
2010-03-06,4,8,31,27,33,43,2
2010-03-10,1,2,37,24,43,49,39
2010-03-13,11,12,31,23,32,45,35
2010-03-17,13,20,34,25,35,38,36
2010-03-20,6,27,39,28,44,48,5
2010-03-24,4,25,37,34,48,49,6
2010-03-27,1,7,34,16,36,44,37
2010-03-31,3,9,15,12,18,26,14
2010-04-03,4,11,23,21,37,41,35
2010-04-07,18,36,45,43,46,49,2
2010-04-10,3,38,44,41,45,46,36
2010-04-14,4,15,28,23,33,35,8
2010-04-17,2,10,23,19,36,45,8
2010-04-21,11,14,31,20,40,44,22
2010-04-24,13,19,26,23,30,40,33
2010-04-28,5,19,33,21,36,44,13
2010-05-01,9,15,26,17,30,32,45
2010-05-05,6,10,20,11,31,39,34
2010-05-08,17,35,44,42,45,49,12
2010-05-12,12,15,33,17,39,45,43
2010-05-15,3,6,10,7,20,43,26
2010-05-19,11,13,31,24,38,43,14
2010-05-22,1,4,10,7,22,37,9
2010-05-26,6,15,27,22,44,46,35
2010-05-29,9,16,29,18,33,43,1
2010-06-02,5,6,41,35,42,48,32
2010-06-05,3,4,30,11,31,33,44
2010-06-09,3,29,38,32,45,49,22
2010-06-12,12,13,37,32,38,45,47
2010-06-16,18,32,34,33,37,49,45
2010-06-19,15,25,28,27,32,43,48
2010-06-23,15,22,31,24,33,45,34
2010-06-26,4,15,36,16,38,42,1
2010-06-30,4,7,35,32,37,44,40
2010-07-03,13,14,39,15,42,45,2
2010-07-07,11,15,32,19,37,48,38
2010-07-10,9,29,35,34,40,45,20
2010-07-14,9,24,33,31,34,36,35
2010-07-17,3,10,39,20,44,47,41
2010-07-21,7,9,24,23,33,43,8
2010-07-24,4,21,30,29,33,44,9
2010-07-28,19,23,47,28,48,49,37
2010-07-31,13,14,32,25,42,45,49
2010-08-04,6,12,21,17,29,45,27
2010-08-07,6,12,37,29,39,46,23
2010-08-11,2,3,20,9,46,48,18
2010-08-14,8,13,32,30,34,41,37
2010-08-18,7,15,24,22,25,47,23
2010-08-21,14,23,37,33,39,42,17
2010-08-25,1,7,34,15,40,43,33
2010-08-28,1,6,34,21,38,47,41
2010-09-01,11,17,29,18,35,36,15
2010-09-04,12,15,22,17,38,49,2
2010-09-08,1,2,24,10,28,29,44
2010-09-11,2,8,15,9,27,37,38
2010-09-15,3,9,22,15,33,48,26
2010-09-18,4,17,30,18,33,47,5
2010-09-22,7,15,29,26,37,38,40
2010-09-25,5,11,33,22,41,45,38
2010-09-29,6,7,25,20,30,34,23
2010-10-02,2,8,32,28,35,40,33
2010-10-06,1,13,24,22,37,45,10
2010-10-09,30,32,39,34,42,43,38
2010-10-13,8,9,29,24,31,44,30
2010-10-16,7,11,28,24,33,35,2
2010-10-20,9,11,25,22,29,42,41
2010-10-23,13,14,32,28,33,37,10
2010-10-27,3,4,24,17,32,43,28
2010-10-30,8,27,38,28,40,49,3
2010-11-03,3,8,39,32,44,45,10
2010-11-06,2,13,25,22,29,33,26
2010-11-10,6,10,27,18,36,44,42
2010-11-13,14,16,19,18,28,39,43
2010-11-17,4,6,9,8,12,49,10
2010-11-20,1,12,31,20,34,39,41
2010-11-24,5,11,23,14,27,47,29
2010-11-27,12,20,34,22,37,41,8
2010-12-01,18,25,33,28,35,48,19
2010-12-04,19,24,32,28,34,42,7
2010-12-08,3,15,20,16,36,49,26
2010-12-11,8,16,26,18,31,34,9
2010-12-15,4,5,31,17,41,46,40
2010-12-18,9,13,20,15,23,33,16
2010-12-22,7,13,28,20,29,37,36
2010-12-25,1,22,39,28,40,42,10
2010-12-29,4,10,36,18,41,45,17
2011-01-01,9,12,40,26,43,44,3
2011-01-05,2,8,18,16,37,47,30
2011-01-08,19,20,24,21,29,35,38
2011-01-12,7,9,27,22,38,44,25
2011-01-15,5,13,32,19,44,45,23
2011-01-19,3,16,19,17,21,29,41
2011-01-22,4,6,16,8,18,43,29
2011-01-26,4,8,29,13,39,40,17
2011-01-29,29,30,43,34,45,46,23
2011-02-02,13,21,29,28,32,33,39
2011-02-05,13,14,24,16,28,37,35
2011-02-09,6,8,17,14,26,42,18
2011-02-12,9,10,12,11,31,39,41
2011-02-16,1,31,36,34,37,43,2
2011-02-19,7,10,26,18,32,39,35
2011-02-23,6,8,23,12,43,46,20
2011-02-26,5,17,30,23,36,40,45
2011-03-02,3,18,25,21,29,45,5
2011-03-05,9,14,30,25,35,48,31
2011-03-09,1,3,35,34,37,48,44
2011-03-12,3,22,38,23,40,48,30
2011-03-16,6,7,32,26,44,49,16
2011-03-19,1,18,38,23,39,49,8
2011-03-23,1,4,9,8,47,49,31
2011-03-26,6,8,28,14,31,32,39
2011-03-30,3,6,23,22,25,31,49
2011-04-02,3,6,29,19,44,46,18
2011-04-06,5,11,30,19,46,48,47
2011-04-09,1,20,30,23,36,44,6
2011-04-13,3,10,38,15,39,42,43
2011-04-16,4,9,37,35,38,42,47
2011-04-20,5,9,24,10,28,44,7
2011-04-23,7,13,15,14,19,45,16
2011-04-27,4,15,31,25,36,48,35
2011-04-30,8,16,26,20,45,46,43
2011-05-04,7,9,36,21,37,39,1
2011-05-07,2,10,24,20,39,44,35
2011-05-11,4,13,19,14,32,43,8
2011-05-14,1,7,32,26,46,49,33
2011-05-18,5,11,25,12,47,48,10
2011-05-21,3,14,24,17,32,42,23
2011-05-25,4,18,31,22,37,38,1
2011-05-28,2,23,30,27,39,46,35
2011-06-01,3,9,16,12,32,43,17
2011-06-04,4,5,34,33,36,45,19
2011-06-08,22,27,35,32,43,47,38
2011-06-11,2,14,21,18,32,42,31
2011-06-15,4,9,19,17,29,43,41
2011-06-18,17,21,40,33,43,45,10
2011-06-22,5,14,33,23,36,37,13
2011-06-25,2,15,34,30,39,44,29
2011-06-29,3,10,34,28,36,49,8
2011-07-02,21,26,38,37,40,43,42
2011-07-06,3,5,26,7,38,39,48
2011-07-09,11,18,25,23,36,38,48
2011-07-13,3,4,42,40,47,49,23
2011-07-16,6,27,36,35,38,46,13
2011-07-20,3,5,17,6,26,37,30
2011-07-23,2,18,22,21,32,35,29
2011-07-27,22,24,35,29,41,47,31
2011-07-30,21,26,41,35,46,48,3
2011-08-03,20,26,33,27,34,46,21
2011-08-06,11,13,37,28,40,49,29
2011-08-10,3,5,38,14,42,48,46
2011-08-13,3,4,9,7,15,31,47
2011-08-17,8,19,30,20,34,39,44
2011-08-20,5,16,36,34,37,46,42
2011-08-24,15,19,25,24,42,44,31
2011-08-27,5,13,37,31,38,44,17
2011-08-31,14,26,36,32,44,46,9
2011-09-03,22,25,32,27,36,48,2
2011-09-07,3,10,24,21,36,38,1
2011-09-10,2,15,38,19,44,46,10
2011-09-14,8,18,36,20,37,45,24
2011-09-17,1,3,7,6,12,42,46
2011-09-21,2,19,29,21,33,45,40
2011-09-24,1,10,29,12,46,47,38
2011-09-28,2,16,34,27,40,42,15
2011-10-01,13,17,29,19,38,44,15
2011-10-05,9,11,30,17,32,33,36
2011-10-08,5,18,39,27,40,41,30
2011-10-12,7,10,31,15,41,43,40
2011-10-15,7,14,30,23,32,47,41
2011-10-19,9,10,24,11,32,49,40
2011-10-22,1,23,33,25,44,45,24
2011-10-26,21,24,34,29,44,46,17
2011-10-29,17,18,34,30,38,47,31
2011-11-02,13,19,31,30,39,41,26
2011-11-05,5,7,12,8,28,35,32
2011-11-09,4,9,37,32,38,39,21
2011-11-12,3,19,31,23,46,47,17
2011-11-16,9,17,29,26,40,49,18
2011-11-19,3,16,36,21,42,47,14
2011-11-23,11,14,19,17,21,31,23
2011-11-26,9,15,26,23,34,41,21
2011-11-30,10,13,31,14,33,49,30
2011-12-03,5,9,26,24,27,28,29
2011-12-07,16,17,43,30,48,49,31
2011-12-10,10,13,31,21,38,45,41
2011-12-14,12,14,27,19,30,48,40
2011-12-17,12,19,37,27,41,43,49
2011-12-21,13,19,24,20,30,37,12
2011-12-24,7,10,37,32,38,39,17
2011-12-28,5,19,29,25,33,46,2
2011-12-31,6,19,30,21,38,40,29
2012-01-04,4,6,24,18,26,48,12
2012-01-07,13,20,25,24,37,46,18
2012-01-11,1,19,27,21,29,44,37
2012-01-14,6,7,34,23,40,42,4
2012-01-18,2,3,30,16,34,47,23
2012-01-21,9,10,25,12,43,48,5
2012-01-25,5,8,35,31,37,42,46
2012-01-28,5,8,39,28,42,43,3
2012-02-01,9,11,34,15,37,47,7
2012-02-04,3,21,30,22,41,42,7
2012-02-08,13,24,37,26,43,46,1
2012-02-11,2,4,18,9,46,49,31
2012-02-15,4,11,20,16,42,44,41
2012-02-18,5,8,18,10,30,47,35
2012-02-22,7,8,22,19,34,49,21
2012-02-25,22,24,28,26,36,41,39
2012-02-29,5,16,40,20,41,45,25
2012-03-03,4,8,14,13,16,34,25
2012-03-07,8,15,33,20,42,45,18
2012-03-10,6,19,38,29,39,48,47
2012-03-14,9,17,27,25,29,48,22
2012-03-17,4,8,19,11,23,24,48
2012-03-21,3,21,32,29,38,46,44
2012-03-24,5,13,31,30,37,38,22
2012-03-28,3,17,33,31,40,49,46
2012-03-31,19,22,41,35,42,46,12
2012-04-04,6,11,19,13,26,27,32
2012-04-07,5,23,36,35,38,49,2
2012-04-11,16,20,31,23,34,36,1
2012-04-14,6,13,30,16,37,48,17
2012-04-18,10,12,38,22,40,44,23
2012-04-21,3,7,16,11,17,36,8
2012-04-25,2,3,16,14,20,44,47
2012-04-28,24,29,35,30,40,42,37
2012-05-02,7,23,36,30,38,44,15
2012-05-05,16,18,28,20,32,34,12
2012-05-09,1,8,16,10,21,37,24
2012-05-12,10,21,37,34,41,46,40
2012-05-16,7,9,20,10,25,34,16
2012-05-19,2,5,26,20,39,44,31
2012-05-23,2,3,30,26,32,37,48
2012-05-26,6,18,27,22,31,36,10
2012-05-30,9,15,35,24,38,39,2
2012-06-02,5,13,20,15,22,46,41
2012-06-06,8,11,25,23,29,42,39
2012-06-09,4,16,24,22,36,47,9
2012-06-13,14,15,37,19,40,45,10
2012-06-16,7,21,25,23,32,35,12
2012-06-20,2,25,41,34,44,46,32
2012-06-23,2,13,19,15,38,42,41
2012-06-27,9,11,23,17,38,43,29
2012-06-30,3,6,27,22,28,36,24
2012-07-04,3,5,28,8,39,48,17
2012-07-07,24,27,37,31,38,46,2
2012-07-11,5,8,18,15,24,46,42
2012-07-14,1,14,19,15,28,41,24
2012-07-18,6,12,32,24,39,41,23
2012-07-21,5,12,23,22,37,41,36
2012-07-25,1,4,7,5,17,36,48
2012-07-28,6,8,35,31,39,40,21
2012-08-01,1,5,23,7,34,45,4
2012-08-04,8,11,33,30,43,44,9
2012-08-08,14,20,35,26,37,47,42
2012-08-11,12,19,35,31,38,43,22
2012-08-15,1,15,20,17,26,39,37
2012-08-18,7,12,31,29,41,46,25
2012-08-22,17,18,25,24,28,36,48
2012-08-25,2,5,33,31,34,47,6
2012-08-29,5,18,38,32,42,48,24
2012-09-01,17,19,28,23,30,32,45
2012-09-05,19,21,30,25,36,45,12
2012-09-08,1,23,38,29,42,46,21
2012-09-12,9,10,28,12,32,45,4
2012-09-15,22,24,31,25,32,34,49
2012-09-19,12,13,27,16,42,43,37
2012-09-22,4,22,40,27,44,49,19
2012-09-26,1,23,35,31,43,48,5
2012-09-29,1,3,31,21,46,48,35
2012-10-03,2,5,29,24,37,40,21
2012-10-06,26,27,36,34,41,44,22
2012-10-10,1,19,28,24,29,39,48
2012-10-13,5,13,20,15,27,34,7
2012-10-17,7,8,24,19,26,37,22
2012-10-20,1,5,31,27,44,46,18
2012-10-24,1,2,35,32,44,45,25
2012-10-27,9,13,26,22,38,46,8
2012-10-31,14,19,33,32,45,46,49
2012-11-03,4,6,21,19,24,38,33
2012-11-07,8,9,17,14,33,40,5
2012-11-10,19,32,46,42,48,49,4
2012-11-14,3,10,22,21,28,42,9
2012-11-17,4,21,23,22,26,32,27
2012-11-21,3,4,24,18,40,46,42
2012-11-24,6,10,41,12,43,45,16
2012-11-28,3,22,26,23,29,45,14
2012-12-01,10,16,36,33,37,49,6
2012-12-05,2,12,26,18,40,48,36
2012-12-08,8,11,34,23,37,44,12
2012-12-12,1,13,21,14,25,29,20
2012-12-15,2,4,22,12,45,48,14
2012-12-19,11,25,43,35,45,47,13
2012-12-22,9,14,20,17,23,28,48
2012-12-26,10,25,31,28,40,43,13
2012-12-29,9,14,30,18,31,45,24
2013-01-02,3,4,18,11,25,27,26
2013-01-05,8,9,25,18,27,38,42
2013-01-09,13,22,35,31,41,47,11
2013-01-12,17,18,31,24,45,47,7
2013-01-16,5,15,39,17,43,45,18
2013-01-19,1,11,14,13,22,40,26
2013-01-23,7,8,16,14,21,26,36
2013-01-26,4,16,36,17,42,44,20
2013-01-30,10,12,32,13,38,46,37
2013-02-02,12,13,33,20,35,46,27
2013-02-06,6,21,35,26,45,47,25
2013-02-09,10,13,26,14,39,48,12
2013-02-13,1,7,21,14,39,41,5
2013-02-16,6,17,35,20,36,45,22
2013-02-20,3,7,20,10,30,33,18
2013-02-23,5,7,24,8,26,38,42
2013-02-27,15,20,29,21,44,45,41
2013-03-02,3,12,25,22,31,37,47
2013-03-06,17,26,34,32,37,49,16
2013-03-09,4,16,43,20,45,47,15
2013-03-13,5,28,34,30,42,46,13
2013-03-16,9,14,29,26,34,40,8
2013-03-20,3,4,22,6,26,48,38
2013-03-23,3,4,8,5,32,41,2
2013-03-27,1,6,38,9,43,45,14
2013-03-30,2,10,17,16,41,42,27
2013-04-03,7,9,18,11,41,42,30
2013-04-06,1,7,14,11,15,35,43
2013-04-10,6,7,11,8,25,42,2
2013-04-13,5,13,35,29,42,47,44
2013-04-17,2,12,22,20,30,37,24
2013-04-20,24,28,35,32,42,48,14
2013-04-24,8,18,34,30,35,38,28
2013-04-27,2,27,37,33,40,42,24
2013-05-01,4,25,31,27,40,47,45
2013-05-04,3,14,27,16,34,35,48
2013-05-08,6,11,46,24,47,48,10
2013-05-11,5,31,36,33,41,42,32
2013-05-15,6,16,30,22,37,45,44
2013-05-18,1,15,27,20,35,46,16
2013-05-22,10,11,22,18,36,38,6
2013-05-25,2,10,15,14,30,35,27
2013-05-29,5,9,21,15,27,42,34
2013-06-01,2,3,32,22,33,40,43
2013-06-05,1,7,15,8,16,25,36
2013-06-08,12,27,41,32,43,49,1
2013-06-12,6,12,29,26,45,49,3
2013-06-15,6,23,27,26,29,32,46
2013-06-19,15,21,30,29,46,47,43
2013-06-22,7,9,27,20,41,43,4
2013-06-26,1,2,22,7,40,41,43
2013-06-29,5,15,27,17,45,49,24
2013-07-03,3,17,28,23,33,34,6
2013-07-06,2,10,41,22,45,47,32
2013-07-10,14,17,38,35,40,45,26
2013-07-13,4,7,38,20,48,49,43
2013-07-17,9,17,22,19,35,36,5
2013-07-20,12,15,27,26,29,46,8
2013-07-24,11,25,40,36,41,46,39
2013-07-27,1,6,32,13,41,46,16
2013-07-31,20,22,34,29,42,44,3
2013-08-03,11,17,26,23,35,42,30
2013-08-07,13,21,38,37,40,46,7
2013-08-10,1,5,33,23,35,40,30
2013-08-14,5,12,24,18,29,45,41
2013-08-17,2,3,16,11,34,41,13
2013-08-21,13,18,44,42,45,46,40
2013-08-24,5,7,18,14,44,47,22
2013-08-28,22,24,29,27,39,42,23
2013-08-31,6,11,36,24,43,44,20
2013-09-04,1,11,32,27,43,44,9
2013-09-07,2,15,24,20,36,49,3
2013-09-11,2,3,28,7,33,41,40
2013-09-14,1,12,34,31,43,47,15
2013-09-18,3,27,37,29,41,42,48
2013-09-21,10,16,28,19,36,41,21
2013-09-25,7,8,29,11,34,39,22
2013-09-28,5,28,39,37,44,49,17
2013-10-02,15,18,31,24,36,48,26
2013-10-05,8,12,18,16,27,39,6
2013-10-09,3,14,32,27,42,45,48
2013-10-12,8,17,35,28,38,40,36
2013-10-16,5,7,15,9,41,42,47
2013-10-19,1,3,23,22,36,47,40
2013-10-23,3,11,37,31,42,47,48
2013-10-26,3,12,24,18,45,46,7
2013-10-30,4,11,21,18,29,42,34
2013-11-02,1,4,25,22,42,43,20
2013-11-06,2,18,23,21,37,43,41
2013-11-09,7,10,28,25,39,48,43
2013-11-13,7,18,34,20,46,48,17
2013-11-16,1,4,12,7,31,35,38
2013-11-20,14,26,31,27,37,40,39
2013-11-23,7,16,21,19,23,28,24
2013-11-27,3,29,35,30,46,49,48
2013-11-30,2,17,26,22,31,35,8
2013-12-04,7,14,21,17,26,37,45
2013-12-07,12,20,35,30,41,42,27
2013-12-11,6,23,35,24,36,46,15
2013-12-14,6,21,31,26,34,35,30
2013-12-18,27,30,43,31,46,47,11
2013-12-21,10,21,25,24,29,44,27
2013-12-25,14,17,35,22,40,47,5
2013-12-28,3,17,20,19,46,49,21
2014-01-01,7,27,34,29,44,45,16
2014-01-04,14,16,20,17,35,47,40
2014-01-08,7,29,38,30,47,48,34
2014-01-11,15,16,37,23,40,44,26
2014-01-15,1,13,29,20,41,43,36
2014-01-18,27,37,44,41,45,49,39
2014-01-22,6,28,33,31,34,40,46
2014-01-25,7,8,25,24,26,46,39
2014-01-29,5,7,25,19,35,42,41
2014-02-01,3,21,27,23,46,47,22
2014-02-05,10,19,35,23,39,42,11
2014-02-08,10,13,27,26,40,46,16
2014-02-12,6,10,32,17,41,48,46
2014-02-15,6,9,16,14,18,32,47
2014-02-19,9,23,26,25,34,36,22
2014-02-22,13,15,40,30,47,48,45
2014-02-26,7,24,28,25,35,41,40
2014-03-01,2,3,27,12,32,49,35
2014-03-05,3,6,32,20,36,38,8
2014-03-08,13,24,35,34,41,48,33
2014-03-12,25,30,39,37,42,46,33
2014-03-15,3,4,23,9,34,38,8
2014-03-19,1,3,26,19,44,47,12
2014-03-22,3,10,21,15,23,27,17
2014-03-26,8,16,22,18,28,42,19
2014-03-29,20,22,28,25,40,45,31
2014-04-02,20,27,32,28,48,49,37
2014-04-05,5,10,24,23,25,49,9
2014-04-09,31,34,39,37,46,47,30
2014-04-12,14,17,24,22,27,31,5
2014-04-16,3,7,37,16,39,43,13
2014-04-19,9,21,25,24,41,47,22
2014-04-23,18,30,43,32,47,48,34
2014-04-26,1,4,11,9,40,41,24
2014-04-30,19,28,30,29,38,40,46
2014-05-03,8,9,30,29,33,42,16
2014-05-07,2,7,35,29,37,48,17
2014-05-10,1,7,25,13,39,40,28
2014-05-14,1,6,23,21,37,39,28
2014-05-17,3,14,27,17,41,44,1
2014-05-21,12,15,21,16,25,29,43
2014-05-24,7,11,28,14,29,33,42
2014-05-28,2,5,19,14,35,48,37
2014-05-31,21,26,28,27,37,43,1
2014-06-04,4,18,26,22,34,46,15
2014-06-07,2,3,21,14,22,35,27
2014-06-11,11,13,28,20,33,35,9
2014-06-14,22,31,42,37,43,49,27
2014-06-18,9,11,33,23,37,45,48
2014-06-21,7,15,37,29,46,49,32
2014-06-25,5,10,23,13,27,29,19
2014-06-28,7,10,21,14,25,46,37
2014-07-02,11,20,45,25,47,49,15
2014-07-05,9,20,44,35,45,46,19
2014-07-09,10,23,43,41,44,46,11
2014-07-12,23,28,40,38,42,46,25
2014-07-16,14,17,21,19,26,34,1
2014-07-19,25,28,34,32,39,49,38
2014-07-23,20,22,27,25,38,42,41
2014-07-26,16,26,35,32,37,38,45
2014-07-30,5,15,21,18,38,45,27
2014-08-02,2,12,30,22,31,39,18
2014-08-06,1,23,32,27,45,46,17
2014-08-09,11,13,34,29,37,43,36
2014-08-13,8,22,35,26,38,45,2
2014-08-16,2,3,36,34,39,49,47
2014-08-20,11,12,27,24,29,39,8
2014-08-23,1,6,16,14,23,37,33
2014-08-27,3,18,38,22,44,48,28
2014-08-30,1,12,26,23,43,47,38
2014-09-03,9,26,39,33,40,48,25
2014-09-06,10,23,41,26,42,44,30
2014-09-10,1,7,43,9,45,46,31
2014-09-13,1,5,29,27,31,44,28
2014-09-17,9,19,24,23,26,41,44
2014-09-20,7,17,26,25,31,40,9
2014-09-24,1,10,36,30,45,47,20
2014-09-27,3,12,17,16,20,26,10
2014-10-01,8,9,20,14,31,37,30
2014-10-04,19,23,29,27,35,43,44
2014-10-08,3,12,16,15,33,49,10
2014-10-11,3,15,43,18,46,48,4
2014-10-15,1,8,35,34,36,44,48
2014-10-18,3,4,15,13,17,30,12
2014-10-22,1,10,34,31,36,42,27
2014-10-25,9,17,24,21,37,44,40
2014-10-29,14,26,35,27,40,45,5
2014-11-01,2,19,23,22,24,28,1
2014-11-05,7,19,37,24,43,44,26
2014-11-08,4,15,42,37,43,44,5
2014-11-12,6,21,26,25,37,38,18
2014-11-15,5,12,16,13,27,29,14
2014-11-19,1,6,20,11,27,47,25
2014-11-22,10,15,22,20,26,36,5
2014-11-26,3,14,35,31,44,48,28
2014-11-29,4,8,15,13,25,38,1
2014-12-03,5,28,45,29,46,47,35
2014-12-06,12,13,21,14,30,44,27
2014-12-10,5,8,24,11,35,42,49
2014-12-13,5,26,30,29,38,46,25
2014-12-17,4,7,18,15,20,42,38
2014-12-20,1,3,17,14,35,43,26
2014-12-24,8,28,38,33,39,47,18
2014-12-27,4,21,32,30,33,43,42
2014-12-31,5,8,13,10,40,47,16
2015-01-03,17,21,29,22,43,45,26
2015-01-07,7,19,24,22,36,40,25
2015-01-10,10,20,39,26,44,49,9
2015-01-14,3,14,18,15,26,46,10
2015-01-17,10,18,25,20,41,49,2
2015-01-21,11,20,35,23,37,49,21
2015-01-24,6,20,33,28,43,45,34
2015-01-28,3,4,30,23,42,44,27
2015-01-31,7,12,35,23,42,46,3
2015-02-04,3,20,26,21,46,47,35
2015-02-07,2,4,10,6,37,41,49
2015-02-11,1,10,14,12,32,33,28
2015-02-14,9,11,25,24,38,39,26
2015-02-18,6,10,24,13,42,43,36
2015-02-21,4,15,35,22,44,47,42
2015-02-25,5,7,9,8,17,28,40
2015-02-28,5,6,31,13,35,37,7
2015-03-04,22,24,29,28,41,49,32
2015-03-07,1,20,35,24,36,45,41
2015-03-11,5,35,40,39,45,49,14
2015-03-14,3,4,25,22,28,48,29
2015-03-18,8,16,22,18,34,49,40
2015-03-21,13,18,39,27,40,44,31
2015-03-25,9,12,39,14,48,49,45
2015-03-28,5,9,21,18,44,46,42
2015-04-01,3,6,25,17,35,45,16
2015-04-04,1,2,19,3,21,44,7
2015-04-08,4,8,26,20,29,46,43
2015-04-11,6,13,31,29,34,48,41
2015-04-15,11,16,26,23,29,41,45
2015-04-18,4,11,33,30,48,49,47
2015-04-22,8,16,31,22,35,40,32
2015-04-25,5,7,21,17,22,46,8
2015-04-29,11,31,39,32,42,46,45
2015-05-02,3,5,20,15,28,49,22
2015-05-06,5,7,26,14,36,44,47
2015-05-09,8,16,30,26,32,45,36
2015-05-13,3,6,24,15,34,43,11
2015-05-16,20,23,33,31,35,40,45
2015-05-20,3,4,24,9,31,46,23
2015-05-23,3,10,17,12,25,31,6
2015-05-27,9,12,31,21,45,46,17
2015-05-30,2,20,32,29,35,45,39
2015-06-03,10,11,26,18,33,47,24
2015-06-06,13,14,22,20,25,39,8
2015-06-10,1,7,29,20,41,46,11
2015-06-13,1,9,37,36,45,47,8
2015-06-17,20,21,37,30,44,48,13
2015-06-20,12,17,37,29,39,40,41
2015-06-24,19,28,35,30,46,48,32
2015-06-27,4,5,20,8,29,43,49
2015-07-01,1,9,30,28,31,38,49
2015-07-04,2,12,34,15,37,38,21
2015-07-08,10,26,37,36,42,44,48
2015-07-11,4,6,17,16,43,46,40
2015-07-15,3,10,28,27,39,43,16
2015-07-18,9,23,45,38,46,47,34
2015-07-22,5,16,28,26,46,47,24
2015-07-25,2,10,29,12,40,49,1
2015-07-29,3,6,21,14,22,29,19
2015-08-01,3,9,20,19,23,43,8
2015-08-05,10,11,26,23,28,37,2
2015-08-08,10,15,33,16,40,48,19
2015-08-12,2,10,19,13,20,44,41
2015-08-15,8,18,34,24,38,48,29
2015-08-19,7,16,27,20,28,38,12
2015-08-22,6,10,43,18,44,48,15
2015-08-26,13,14,35,28,40,41,45
2015-08-29,1,8,13,12,34,46,3
2015-09-02,6,23,31,28,33,45,49
2015-09-05,12,13,26,14,41,44,25
2015-09-09,7,17,20,18,30,32,24
2015-09-12,2,7,15,11,39,44,38
2015-09-16,23,35,37,36,38,44,40
2015-09-19,5,16,31,20,32,46,29
2015-09-23,14,23,35,33,45,48,22
2015-09-26,6,9,23,17,45,46,8
2015-09-30,6,22,27,23,30,39,15
2015-10-03,8,13,20,19,35,48,33
2015-10-07,10,14,29,23,45,47,34
2015-10-10,18,20,26,25,34,35,36
2015-10-14,4,6,9,7,16,30,22
2015-10-17,2,8,26,18,37,48,44
2015-10-21,2,12,21,16,22,46,7
2015-10-24,6,9,42,16,45,48,33
2015-10-28,2,18,27,24,28,36,37
2015-10-31,6,7,26,13,46,47,5
2015-11-04,9,15,26,23,28,47,42
2015-11-07,2,6,28,9,34,45,11
2015-11-11,16,21,32,23,44,49,22
2015-11-14,9,11,28,18,45,47,21
2015-11-18,2,4,15,7,21,38,9
2015-11-21,2,7,37,28,38,41,15
2015-11-25,2,18,38,37,42,45,11
2015-11-28,8,14,24,23,29,35,32
2015-12-02,4,9,24,19,41,45,7
2015-12-05,6,24,33,25,35,46,37
2015-12-09,1,10,17,12,27,41,30
2015-12-12,5,9,15,14,34,46,3
2015-12-16,2,3,14,8,25,31,34
2015-12-19,7,16,25,17,34,44,41
2015-12-23,5,13,16,15,22,33,11
2015-12-26,2,9,30,26,36,46,25
2015-12-30,1,7,43,23,45,47,18
2016-01-02,2,5,29,16,34,41,3
2016-01-06,7,8,13,10,40,46,4
2016-01-09,1,5,12,6,25,49,8
2016-01-13,1,9,20,14,29,43,3
2016-01-16,7,12,28,21,31,44,8
2016-01-20,5,20,31,24,40,43,42
2016-01-23,4,26,29,28,40,48,13
2016-01-27,2,11,22,16,37,49,20
2016-01-30,3,11,14,13,30,32,49
2016-02-03,3,5,35,14,37,42,29
2016-02-06,1,9,30,27,31,35,2
2016-02-10,3,21,29,28,35,40,49
2016-02-13,3,10,19,13,40,44,37
2016-02-17,10,13,28,22,33,46,37
2016-02-20,6,10,38,11,47,48,49
2016-02-24,1,14,25,20,33,38,8
2016-02-27,1,8,24,22,39,44,35
2016-03-02,7,12,26,14,42,44,21
2016-03-05,9,14,33,18,42,43,46
2016-03-09,10,19,28,27,31,36,41
2016-03-12,3,9,12,10,14,24,32
2016-03-16,2,8,30,23,41,48,29
2016-03-19,5,8,24,23,30,32,22
2016-03-23,6,16,23,17,32,36,27
2016-03-26,2,21,24,23,28,35,7
2016-03-30,5,12,21,15,30,43,49
2016-04-02,1,10,15,11,19,21,39
2016-04-06,13,30,45,44,46,47,21
2016-04-09,15,19,23,21,24,49,47
2016-04-13,3,5,17,7,23,32,20
2016-04-16,3,17,29,25,33,43,1
2016-04-20,1,4,20,11,37,41,36
2016-04-23,1,5,22,13,32,41,36
2016-04-27,4,10,27,16,35,38,25
2016-04-30,3,21,36,27,46,48,25
2016-05-04,3,14,25,17,28,38,15
2016-05-07,2,4,25,20,28,46,8
2016-05-11,5,14,33,18,34,36,13
2016-05-14,4,11,33,32,35,44,14
2016-05-18,1,4,11,8,25,34,24
2016-05-21,15,18,34,26,35,43,3
2016-05-25,6,24,29,28,36,37,49
2016-05-28,10,14,39,28,43,49,35
2016-06-01,2,8,25,15,30,38,22
2016-06-04,10,15,34,23,46,48,13
2016-06-08,2,3,24,10,30,33,43
2016-06-11,2,7,14,12,20,49,17
2016-06-15,8,10,24,13,25,40,31
2016-06-18,6,8,21,17,30,42,27
2016-06-22,1,9,22,18,24,37,44
2016-06-25,5,18,24,21,31,43,6
2016-06-29,1,10,17,11,19,23,40
2016-07-02,2,5,18,14,19,20,13
2016-07-06,21,23,40,28,44,49,41
2016-07-09,10,17,30,26,32,35,45
2016-07-13,5,7,24,9,36,41,18
2016-07-16,1,3,12,7,18,44,31
2016-07-20,12,16,33,26,44,49,40
2016-07-23,2,6,24,22,27,47,16
2016-07-27,4,6,29,16,30,39,47
2016-07-30,4,8,10,9,17,30,45
2016-08-03,3,8,31,13,32,42,6
2016-08-06,1,2,24,13,26,33,14
2016-08-10,5,8,20,16,36,43,11
2016-08-13,5,12,23,14,37,47,10
2016-08-17,9,19,23,22,45,46,29
2016-08-20,28,34,39,35,44,46,21
2016-08-24,7,30,36,34,45,46,9
2016-08-27,4,8,15,11,40,41,46
2016-08-31,2,14,31,16,37,43,20
2016-09-03,19,20,30,22,34,40,24
2016-09-07,13,19,33,24,41,44,26
2016-09-10,16,19,29,28,42,47,20
2016-09-14,24,25,35,26,38,43,11
2016-09-17,14,26,37,36,45,48,42
2016-09-21,2,17,38,23,42,45,27
2016-09-24,10,11,36,26,39,48,38
2016-09-28,2,11,24,19,29,39,21
2016-10-01,13,21,39,38,40,44,16
2016-10-05,8,13,24,16,28,34,19
2016-10-08,10,23,38,32,39,46,22
2016-10-12,7,10,33,28,42,48,44
2016-10-15,11,24,29,25,35,46,47
2016-10-19,2,5,20,9,23,43,10
2016-10-22,4,10,39,32,47,49,42
2016-10-26,4,26,29,27,40,46,35
2016-10-29,1,9,24,12,31,35,17
2016-11-02,9,11,15,12,16,44,30
2016-11-05,5,12,28,14,32,35,13
2016-11-09,4,12,30,21,45,46,22
2016-11-12,11,22,38,26,44,47,3
2016-11-16,1,2,16,12,17,47,26
2016-11-19,3,5,9,7,12,17,41
2016-11-23,8,10,42,35,44,47,31
2016-11-26,3,6,24,10,37,42,30
2016-11-30,24,26,36,27,38,49,22
2016-12-03,7,9,23,21,36,39,31
2016-12-07,10,12,17,14,33,46,36
2016-12-10,1,6,24,10,40,41,30
2016-12-14,6,13,36,14,41,43,33
2016-12-17,3,19,23,21,25,45,13
2016-12-21,1,9,22,11,44,49,13
2016-12-24,4,22,31,26,34,41,35
2016-12-28,5,9,41,40,44,47,21
2016-12-31,9,16,23,22,44,46,10
2017-01-04,26,27,44,41,45,47,11
2017-01-07,3,5,25,7,35,42,39
2017-01-11,1,3,19,11,29,33,15
2017-01-14,1,7,10,9,21,45,6
2017-01-18,2,21,30,24,40,48,26
2017-01-21,2,9,21,18,24,44,47
2017-01-25,11,16,22,18,45,46,10
2017-01-28,7,8,16,12,30,41,39
2017-02-01,9,25,42,36,47,48,29
2017-02-04,2,10,17,15,24,36,4
2017-02-08,9,10,27,19,30,33,20
2017-02-11,1,10,25,24,35,44,15
2017-02-15,3,8,14,11,32,44,4
2017-02-18,5,7,24,13,31,35,38
2017-02-22,11,14,41,22,45,48,21
2017-02-25,8,10,19,11,27,33,7
2017-03-01,3,6,13,10,31,45,26
2017-03-04,12,13,29,18,33,35,25
2017-03-08,10,14,30,24,38,46,36
2017-03-11,17,22,33,32,38,40,28
2017-03-15,7,10,16,11,30,37,18
2017-03-18,5,15,39,22,42,46,34
2017-03-22,7,16,26,17,29,41,13
2017-03-25,3,7,23,16,37,48,28
2017-03-29,1,4,16,12,34,45,23
2017-04-01,3,19,37,31,44,46,9
2017-04-05,6,17,38,25,46,48,10
2017-04-08,12,30,33,32,37,48,17
2017-04-12,4,13,28,15,40,48,23
2017-04-15,2,5,13,7,19,31,35
2017-04-19,4,15,38,17,47,49,21
2017-04-22,14,21,36,27,40,42,20
2017-04-26,3,17,22,18,26,30,8
2017-04-29,8,11,17,15,38,47,36
2017-05-03,13,20,38,28,40,44,39
2017-05-06,3,14,30,18,47,48,44
2017-05-10,4,21,31,27,48,49,45
2017-05-13,3,12,38,31,41,44,13
2017-05-17,6,17,38,20,43,47,34
2017-05-20,12,14,30,28,35,43,27
2017-05-24,29,36,41,39,46,49,16
2017-05-27,4,24,40,38,45,47,33
2017-05-31,3,13,15,14,36,49,42
2017-06-03,9,22,37,35,38,46,24
2017-06-07,7,8,24,21,30,40,19
2017-06-10,2,4,33,26,34,37,43
2017-06-14,9,11,28,26,42,49,36
2017-06-17,3,6,35,14,36,41,30
2017-06-21,10,11,19,13,30,49,27
2017-06-24,11,15,34,26,40,47,36
2017-06-28,3,6,25,19,32,33,21
2017-07-01,2,5,10,6,20,34,43
2017-07-05,4,14,20,19,22,34,31
2017-07-08,17,23,34,26,39,48,15
2017-07-12,6,16,39,21,43,44,1
2017-07-15,2,10,26,24,34,36,1
2017-07-19,11,15,34,23,45,46,19
2017-07-22,5,10,22,16,30,43,41
2017-07-26,15,19,30,28,43,49,5
2017-07-29,17,26,43,34,44,47,20
2017-08-02,7,8,20,16,45,47,49
2017-08-05,1,19,33,22,46,47,42
2017-08-09,7,8,29,22,30,46,12
2017-08-12,3,5,8,7,18,20,13
2017-08-16,1,4,24,22,41,44,48
2017-08-19,1,7,43,31,44,45,28
2017-08-23,1,22,34,28,40,45,12
2017-08-26,1,7,11,10,17,43,24
2017-08-30,8,15,22,18,28,49,7
2017-09-02,11,32,42,41,44,46,35
2017-09-06,21,25,34,29,41,47,43
2017-09-09,17,23,39,31,43,48,6
2017-09-13,2,10,40,32,44,48,22
2017-09-16,6,9,25,14,26,38,36
2017-09-20,8,9,34,21,38,40,26
2017-09-23,1,11,26,19,37,47,4
2017-09-27,7,9,15,13,31,42,12
2017-09-30,9,23,27,24,34,36,28
2017-10-04,9,16,29,26,30,49,6
2017-10-07,3,4,14,13,23,32,49
2017-10-11,28,29,35,33,40,46,11
2017-10-14,4,15,26,22,32,36,10
2017-10-18,9,15,21,17,24,43,46
2017-10-21,4,11,24,22,39,48,12
2017-10-25,1,3,16,14,29,33,23
2017-10-28,5,6,31,28,38,47,10
2017-11-01,7,13,17,15,24,39,46
2017-11-04,2,5,32,29,34,35,21
2017-11-08,1,3,32,9,36,41,17
2017-11-11,2,13,26,18,30,43,39
2017-11-15,3,8,25,16,36,47,6
2017-11-18,16,17,33,19,36,41,48
2017-11-22,7,9,40,29,46,49,30
2017-11-25,13,25,38,29,45,46,35
2017-11-29,4,22,38,37,39,44,16
2017-12-02,3,13,17,15,29,36,7
2017-12-06,8,15,27,22,35,43,41
2017-12-09,6,8,31,14,34,45,2
2017-12-13,3,8,22,14,28,47,39
2017-12-16,1,10,26,17,31,33,22
2017-12-20,4,6,27,17,43,49,47
2017-12-23,1,27,43,41,44,45,14
2017-12-27,14,20,28,21,41,49,29
2017-12-30,4,6,20,9,35,47,23
2018-01-03,11,15,23,17,31,40,21
2018-01-06,5,20,39,28,42,46,34
2018-01-10,12,13,29,26,31,39,6
2018-01-13,11,20,34,30,42,46,12
2018-01-17,4,14,22,18,23,30,15
2018-01-20,3,15,33,19,45,49,40
2018-01-24,7,13,25,16,44,46,12
2018-01-27,1,8,31,29,39,49,17
2018-01-31,12,16,23,21,25,47,36
2018-02-03,13,23,31,26,32,44,38
2018-02-07,27,32,40,33,42,46,37
2018-02-10,3,24,36,35,39,42,27
2018-02-14,7,12,18,17,37,38,28
2018-02-17,1,4,27,13,36,49,34
2018-02-21,19,25,36,32,37,39,45
2018-02-24,4,9,16,15,17,31,11
2018-02-28,3,8,33,15,37,38,5
2018-03-03,3,5,37,7,44,49,28
2018-03-07,3,4,21,16,36,43,31
2018-03-10,17,22,36,24,39,40,4
2018-03-14,3,16,33,30,38,42,35
2018-03-17,3,24,39,28,44,49,25
2018-03-21,17,32,36,33,38,46,45
2018-03-24,2,24,36,35,43,44,42
2018-03-28,6,15,18,16,27,32,9
2018-03-31,4,9,27,12,33,40,31
2018-04-04,4,19,36,30,42,43,34
2018-04-07,10,15,39,30,46,47,45
2018-04-11,5,14,25,17,34,39,35
2018-04-14,8,9,26,14,34,37,35
2018-04-18,37,39,41,40,42,44,33
2018-04-21,15,19,35,23,36,48,34
2018-04-25,4,23,37,28,38,44,25
2018-04-28,18,26,43,27,45,47,25
2018-05-02,10,15,26,17,39,45,38
2018-05-05,7,8,39,24,43,47,13
2018-05-09,2,27,42,29,46,49,38
2018-05-12,16,26,33,29,35,38,48
2018-05-16,10,11,37,23,44,47,40
2018-05-19,2,10,17,12,24,28,43
2018-05-23,22,27,38,28,45,48,40
2018-05-26,24,27,39,33,41,43,38
2018-05-30,28,32,41,40,43,48,8
2018-06-02,13,26,44,32,45,49,46
2018-06-06,1,3,32,24,33,49,10
2018-06-09,3,12,19,18,20,31,34
2018-06-13,3,16,30,21,37,49,34
2018-06-16,10,20,42,39,44,49,12
2018-06-20,2,4,14,8,16,25,22
2018-06-23,1,23,35,24,47,49,28
2018-06-27,11,13,24,15,36,41,37
2018-06-30,1,9,36,22,39,49,42
2018-07-04,6,8,27,14,32,49,38
2018-07-07,7,20,26,21,30,49,11
2018-07-11,4,17,23,22,44,49,12
2018-07-14,6,20,29,22,37,45,18
2018-07-18,5,6,9,7,41,46,35
2018-07-21,4,5,39,28,46,47,10
2018-07-25,1,9,33,29,38,48,41
2018-07-28,19,23,39,29,42,48,21
2018-08-01,3,7,31,12,36,39,23
2018-08-04,6,20,26,23,29,40,2
2018-08-08,9,10,15,13,32,40,16
2018-08-11,7,15,37,18,40,46,20
2018-08-15,2,9,14,13,26,29,22
2018-08-18,2,22,44,25,45,47,3
2018-08-22,13,19,34,28,38,43,26
2018-08-25,13,19,29,23,43,44,4
2018-08-29,8,11,44,38,47,49,48
2018-09-01,12,16,20,19,22,47,3
2018-09-05,1,4,31,29,34,42,24
2018-09-08,11,16,31,18,48,49,14
2018-09-12,11,25,37,30,44,49,28
2018-09-15,3,4,22,11,38,41,17
2018-09-19,3,7,25,21,32,42,41
2018-09-22,1,11,18,16,26,35,47
2018-09-26,9,19,26,20,36,41,35
2018-09-29,3,4,12,7,37,45,22
2018-10-03,1,11,35,27,37,39,13
2018-10-06,4,5,24,6,25,38,48
2018-10-10,5,13,36,18,39,46,42
2018-10-13,4,8,33,18,38,40,31
2018-10-17,5,12,20,14,22,45,42
2018-10-20,3,7,27,13,33,37,29
2018-10-24,1,8,37,17,38,40,20
2018-10-27,2,4,9,8,37,41,30
2018-10-31,15,25,35,32,44,49,10
2018-11-03,1,2,16,9,33,38,20
2018-11-07,11,26,34,32,40,43,15
2018-11-10,16,18,29,26,33,34,15
2018-11-14,4,13,18,16,27,36,2
2018-11-17,3,5,27,9,29,44,35
2018-11-21,3,18,25,19,34,37,27
2018-11-24,5,11,15,13,21,37,6
2018-11-28,15,21,37,24,39,43,28
2018-12-01,3,17,40,31,46,48,26
2018-12-05,11,22,33,30,39,45,18
2018-12-08,2,17,34,26,46,49,21
2018-12-12,1,5,11,10,19,38,21
2018-12-15,13,15,28,23,42,43,17
2018-12-19,5,23,36,31,42,49,16
2018-12-22,10,11,32,13,38,43,35
2018-12-26,5,23,36,26,39,48,20
2018-12-29,6,12,29,20,33,35,39
2019-01-02,2,3,10,4,19,32,5
2019-01-05,12,16,22,18,31,33,49
2019-01-09,20,25,33,30,37,42,24
2019-01-12,8,10,23,16,29,49,46
2019-01-16,16,27,32,31,35,41,47
2019-01-19,17,18,33,26,34,47,29
2019-01-23,17,28,33,30,36,47,44
2019-01-26,1,16,33,25,39,46,22
2019-01-30,2,8,29,19,30,47,43
2019-02-02,2,4,27,14,46,48,47
2019-02-06,5,15,34,26,35,38,49
2019-02-09,11,18,22,19,37,47,49
2019-02-13,20,28,36,34,40,47,25
2019-02-16,2,20,27,22,30,32,44
2019-02-20,5,18,34,21,35,37,10
2019-02-23,5,10,25,17,30,44,49
2019-02-27,2,6,42,21,43,48,14
2019-03-02,8,10,26,15,40,44,24
2019-03-06,4,23,37,33,44,46,25
2019-03-09,5,15,28,27,34,48,21
2019-03-13,11,31,39,38,42,48,6
2019-03-16,8,14,27,21,46,47,24
2019-03-20,8,19,30,23,38,49,22
2019-03-23,5,17,25,18,42,49,34
2019-03-27,1,3,21,6,22,46,44
2019-03-30,20,31,36,34,40,49,23
2019-04-03,4,8,22,16,47,48,1
2019-04-06,21,28,34,32,39,42,1
2019-04-10,11,21,31,22,37,44,36
2019-04-13,6,23,31,29,38,45,11
2019-04-17,18,21,25,22,26,32,44
2019-04-20,3,18,25,24,32,37,17
2019-04-24,1,18,29,21,30,48,4
2019-04-27,7,12,18,16,27,49,8
2019-05-01,7,20,41,33,43,45,16
2019-05-04,1,4,42,8,46,48,44
2019-05-08,3,9,26,16,32,38,33
2019-05-11,6,10,12,11,13,36,26
2019-05-15,5,16,30,23,41,42,47
2019-05-18,5,10,24,21,36,43,8
2019-05-22,4,10,19,12,31,40,38
2019-05-25,1,5,10,9,19,33,2
2019-05-29,3,9,30,17,31,38,35
2019-06-01,8,12,35,21,45,49,33
2019-06-05,4,23,36,25,47,48,46
2019-06-08,10,17,24,21,26,27,32
2019-06-12,6,20,27,22,39,48,37
2019-06-15,10,14,17,16,38,40,37
2019-06-19,1,26,43,32,45,49,15
2019-06-22,10,16,40,37,44,47,26
2019-06-26,11,17,24,19,29,42,36
2019-06-29,15,31,40,32,41,44,43
2019-07-03,28,30,37,35,45,48,22
2019-07-06,4,6,27,26,30,39,34
2019-07-10,11,21,36,31,44,46,4
2019-07-13,1,5,33,27,46,47,40
2019-07-17,8,11,13,12,20,30,37
2019-07-20,5,7,21,15,23,31,33
2019-07-24,5,14,36,21,43,49,25
2019-07-27,3,5,12,9,27,38,4
2019-07-31,2,8,25,10,46,48,4
2019-08-03,7,9,11,10,14,22,31
2019-08-07,1,10,31,16,35,47,2
2019-08-10,4,22,36,29,46,49,39
2019-08-14,9,12,25,14,36,48,37
2019-08-17,4,7,22,16,30,44,18
2019-08-21,3,22,37,35,44,46,47
2019-08-24,11,12,28,17,35,41,26
2019-08-28,5,8,16,9,30,41,37
2019-08-31,1,6,20,16,27,41,49
2019-09-04,6,14,25,18,46,47,32
2019-09-07,14,22,29,24,31,42,45
2019-09-11,10,12,22,20,33,43,38
2019-09-14,12,14,20,17,32,33,7
2019-09-18,20,35,38,37,39,40,33
2019-09-21,2,9,24,10,34,44,40
2019-09-25,5,11,23,22,28,33,47
2019-09-28,1,20,27,22,34,45,35
2019-10-02,3,16,34,22,36,41,10
2019-10-05,12,24,26,25,32,35,20
2019-10-09,2,27,40,33,43,47,22
2019-10-12,5,10,26,17,30,38,19
2019-10-16,8,25,28,27,29,32,4
2019-10-19,6,7,20,14,37,41,40
2019-10-23,2,9,37,15,46,49,40
2019-10-26,20,23,33,27,38,39,25
2019-10-30,1,6,21,15,24,33,47
2019-11-02,12,17,31,30,36,46,22
2019-11-06,24,26,32,29,33,39,10
2019-11-09,23,27,32,31,38,43,41
2019-11-13,6,8,28,16,32,44,14
2019-11-16,2,6,43,21,44,45,9
2019-11-20,5,10,18,15,43,49,16
2019-11-23,3,6,21,11,22,43,41
2019-11-27,1,2,25,13,26,31,22
2019-11-30,4,11,23,15,32,48,34
2019-12-04,4,20,37,21,38,46,43
2019-12-07,4,15,30,26,33,37,5
2019-12-14,2,9,27,18,29,37,17
2019-12-18,3,33,43,34,47,49,7
2019-12-21,3,7,14,10,37,38,2
2019-12-25,21,25,41,31,44,46,27
2019-12-28,3,15,30,21,33,46,26
2020-01-01,9,17,35,28,39,44,18
2020-01-04,9,12,34,23,40,47,8
2020-01-08,9,22,24,23,26,45,17
2020-01-11,1,16,39,26,46,47,13
2020-01-15,15,16,35,30,37,44,27
2020-01-18,3,4,39,31,41,46,27
2020-01-22,3,5,25,16,44,46,42
2020-01-25,1,3,34,4,45,49,39
2020-01-29,8,13,18,14,20,41,28
2020-02-01,2,3,22,20,48,49,27
2020-02-05,15,22,31,26,35,36,34
2020-02-08,7,8,33,25,36,49,47
2020-02-12,12,24,32,29,33,44,8
2020-02-15,4,5,28,20,32,35,37
2020-02-19,5,13,26,25,27,36,45
2020-02-22,2,10,21,20,39,48,13
2020-02-26,4,5,11,9,26,29,27
2020-02-29,3,12,42,37,45,47,34
2020-03-04,14,16,27,20,45,47,44
2020-03-07,3,11,33,29,44,48,18
2020-03-11,2,5,31,23,40,44,26
2020-03-14,15,17,28,26,35,46,45
2020-03-18,14,20,27,21,28,34,36
2020-03-21,8,14,26,23,31,37,49
2020-03-25,11,15,19,17,31,39,40
2020-03-28,4,9,21,10,26,34,6
2020-04-01,2,13,32,18,37,42,39
2020-04-04,2,3,8,6,14,36,16
2020-04-08,16,20,29,21,36,43,2
2020-04-11,5,26,31,27,37,43,15
2020-04-15,10,16,33,32,39,43,9
2020-04-18,6,8,11,10,21,22,39
2020-04-22,17,20,27,21,37,39,5
2020-04-25,23,31,35,34,37,45,18
